<?xml version="1.0" encoding="UTF-8"?>
<!DOCTYPE mapper PUBLIC "-//mybatis.org//DTD Mapper 3.0//EN" "http://mybatis.org/dtd/mybatis-3-mapper.dtd">
<mapper namespace="com.czsc.dao.StockListTableMapper">
  <resultMap id="BaseResultMap" type="com.czsc.entity.StockListTable">
    <result column="symbol" jdbcType="VARCHAR" property="symbol" />
    <result column="stock_name" jdbcType="VARCHAR" property="stockName" />
    <result column="update_time" jdbcType="TIMESTAMP" property="updateTime" />
  </resultMap>
  <insert id="insert" parameterType="com.czsc.entity.StockListTable">
    <selectKey keyProperty="symbol" order="AFTER" resultType="java.lang.String">
      SELECT LAST_INSERT_ID()
    </selectKey>
    insert into stock_list_table (symbol, stock_name, update_time)
    values (#{symbol,jdbcType=VARCHAR}, #{stockName,jdbcType=VARCHAR}, #{updateTime,jdbcType=TIMESTAMP})
  </insert>
  <select id="selectAll" resultMap="BaseResultMap">
    select symbol, stock_name, update_time
    from stock_list_table
  </select>
</mapper>