<?xml version="1.0" encoding="UTF-8"?>
<!DOCTYPE generatorConfiguration
        PUBLIC "-//mybatis.org//DTD MyBatis Generator Configuration 1.0//EN"
        "http://mybatis.org/dtd/mybatis-generator-config_1_0.dtd">
<generatorConfiguration>
    <!--加载配置文件，为下面读取数据库信息准备-->
    <properties resource="application.properties"/>

    <!--defaultModelType="flat" 大数据字段，不分表 -->
    <context id="Mysql" targetRuntime="MyBatis3Simple" defaultModelType="flat">
        <property name="autoDelimitKeywords" value="true" />
        <property name="beginningDelimiter" value="`" />
        <property name="endingDelimiter" value="`" />
        <property name="javaFileEncoding" value="utf-8" />
        <plugin type="org.mybatis.generator.plugins.SerializablePlugin" />

        <plugin type="org.mybatis.generator.plugins.ToStringPlugin" />

        <!-- 注释 -->
        <commentGenerator >
            <property name="suppressAllComments" value="true"/><!-- 是否取消注释 -->
            <property name="suppressDate" value="true" /> <!-- 是否生成注释代时间戳-->
        </commentGenerator>

        <!--数据库链接地址账号密码-->
        <jdbcConnection driverClass="${spring.datasource.driver-class-name}"
                        connectionURL="${spring.datasource.url}"
                        userId="${spring.datasource.username}"
                        password="${spring.datasource.password}">
        </jdbcConnection>

        <!-- 类型转换 -->
        <javaTypeResolver>
            <!-- 是否使用bigDecimal， false可自动转化以下类型（Long, Integer, Short, etc.） -->
            <property name="forceBigDecimals" value="false"/>
        </javaTypeResolver>

        <!--生成Model类存放位置-->
        <javaModelGenerator targetPackage="com.czsc.entity" targetProject="src/main/java">
            <property name="enableSubPackages" value="true"/>
            <property name="trimStrings" value="true"/>
        </javaModelGenerator>

        <!-- 生成mapxml文件 -->
        <sqlMapGenerator targetPackage="mapper" targetProject="src/main/resources" >
            <property name="enableSubPackages" value="false" />
        </sqlMapGenerator>

        <!-- 生成mapxml对应client，也就是接口dao -->
        <javaClientGenerator targetPackage="com.czsc.dao" targetProject="src/main/java" type="XMLMAPPER" >
            <property name="enableSubPackages" value="false" />
        </javaClientGenerator>

        <table tableName="stock_list_table" enableCountByExample="true" enableUpdateByExample="true" enableDeleteByExample="true" enableSelectByExample="true" selectByExampleQueryId="true">
            <generatedKey column="symbol" sqlStatement="Mysql" identity="true" />
        </table>
    </context>
</generatorConfiguration>