symbol,period,datetime,open,high,low,close,volume,update_time
300672.XSHG,1day,2017-07-12 15:00:00,6.33,7.59,6.33,7.59,15766,2017/7/12 15:00
300672.XSHG,1day,2017-07-13 15:00:00,8.35,8.35,8.35,8.35,5790,2017/7/13 15:00
300672.XSHG,1day,2017-07-14 15:00:00,9.18,9.18,9.18,9.18,4825,2017/7/14 15:00
300672.XSHG,1day,2017-07-17 15:00:00,10.1,10.1,10.1,10.1,74326,2017/7/17 15:00
300672.XSHG,1day,2017-07-18 15:00:00,11.11,11.11,11.11,11.11,55986,2017/7/18 15:00
300672.XSHG,1day,2017-07-19 15:00:00,12.22,12.22,12.22,12.22,45528,2017/7/19 15:00
300672.XSHG,1day,2017-07-20 15:00:00,13.45,13.45,13.45,13.45,120178,2017/7/20 15:00
300672.XSHG,1day,2017-07-21 15:00:00,14.79,14.79,14.79,14.79,272228,2017/7/21 15:00
300672.XSHG,1day,2017-07-24 15:00:00,16.27,16.27,15.29,15.73,28559922,2017/7/24 15:00
300672.XSHG,1day,2017-07-25 15:00:00,16.28,16.48,15.74,15.91,18878718,2017/7/25 15:00
300672.XSHG,1day,2017-07-26 15:00:00,15.41,16.89,15.34,16.78,18690786,2017/7/26 15:00
300672.XSHG,1day,2017-07-27 15:00:00,16.56,17.63,15.93,16.92,19101407,2017/7/27 15:00
300672.XSHG,1day,2017-07-28 15:00:00,16.53,17.76,16.44,16.53,14825162,2017/7/28 15:00
300672.XSHG,1day,2017-07-31 15:00:00,16.36,17,16.08,16.47,9909831,2017/7/31 15:00
300672.XSHG,1day,2017-08-01 15:00:00,16.49,16.64,15.6,16.03,10162272,2017/8/1 15:00
300672.XSHG,1day,2017-08-02 15:00:00,15.91,16.24,15.82,16.17,6677026,2017/8/2 15:00
300672.XSHG,1day,2017-08-03 15:00:00,16.1,17.79,16.08,17.43,15617756,2017/8/3 15:00
300672.XSHG,1day,2017-08-04 15:00:00,17.09,17.37,16.36,16.37,11371447,2017/8/4 15:00
300672.XSHG,1day,2017-08-07 15:00:00,16.35,16.64,15.7,15.77,7633094,2017/8/7 15:00
300672.XSHG,1day,2017-08-08 15:00:00,15.79,16.25,15.59,16.22,5208651,2017/8/8 15:00
300672.XSHG,1day,2017-08-09 15:00:00,16.25,17.03,16.16,16.39,5580492,2017/8/9 15:00
300672.XSHG,1day,2017-08-10 15:00:00,16.32,16.38,15.85,15.99,4195301,2017/8/10 15:00
300672.XSHG,1day,2017-08-11 15:00:00,16.03,16.89,16.03,16.46,6960205,2017/8/11 15:00
300672.XSHG,1day,2017-08-14 15:00:00,16.52,17.96,16.47,17.56,9020696,2017/8/14 15:00
300672.XSHG,1day,2017-08-15 15:00:00,17.42,18.34,17.38,17.9,8423909,2017/8/15 15:00
300672.XSHG,1day,2017-08-16 15:00:00,17.86,19.47,17.74,18.77,10367423,2017/8/16 15:00
300672.XSHG,1day,2017-08-17 15:00:00,18.65,19.87,18.53,19.35,8608787,2017/8/17 15:00
300672.XSHG,1day,2017-08-18 15:00:00,19.02,20.73,18.97,20.39,8519173,2017/8/18 15:00
300672.XSHG,1day,2017-08-21 15:00:00,21.13,22.42,20.6,22.42,8813458,2017/8/21 15:00
300672.XSHG,1day,2017-08-22 15:00:00,23.11,24.59,22.37,22.52,14312695,2017/8/22 15:00
300672.XSHG,1day,2017-08-23 15:00:00,22.28,23.31,21.8,22.42,11790752,2017/8/23 15:00
300672.XSHG,1day,2017-08-24 15:00:00,22,22.68,20.18,20.32,13828222,2017/8/24 15:00
300672.XSHG,1day,2017-08-25 15:00:00,20.25,21.73,19.98,21.03,10268951,2017/8/25 15:00
300672.XSHG,1day,2017-08-28 15:00:00,21.12,23.09,20.68,22.93,10899521,2017/8/28 15:00
300672.XSHG,1day,2017-08-29 15:00:00,22.39,23.8,22.03,22.03,13103215,2017/8/29 15:00
300672.XSHG,1day,2017-08-30 15:00:00,21.5,21.85,20.57,21.07,8640324,2017/8/30 15:00
300672.XSHG,1day,2017-08-31 15:00:00,21.22,22.62,21.1,22.5,7119177,2017/8/31 15:00
300672.XSHG,1day,2017-09-01 15:00:00,22.62,22.86,21.65,22.52,7349433,2017/9/1 15:00
300672.XSHG,1day,2017-09-04 15:00:00,22.28,24.16,22.18,22.47,8014109,2017/9/4 15:00
300672.XSHG,1day,2017-09-05 15:00:00,22.93,24.72,22.5,24.72,4870451,2017/9/5 15:00
300672.XSHG,1day,2017-09-06 15:00:00,27.19,27.19,26.92,27.19,6396741,2017/9/6 15:00
300672.XSHG,1day,2017-09-07 15:00:00,29.91,29.91,29.91,29.91,1396456,2017/9/7 15:00
300672.XSHG,1day,2017-09-08 15:00:00,30.45,32.46,30.27,31.86,18763034,2017/9/8 15:00
300672.XSHG,1day,2017-09-11 15:00:00,28.73,30.83,28.68,30.39,15774150,2017/9/11 15:00
300672.XSHG,1day,2017-09-12 15:00:00,29.4,33.06,29.37,32.33,17413235,2017/9/12 15:00
300672.XSHG,1day,2017-09-13 15:00:00,29.71,31.19,29.71,29.99,12651725,2017/9/13 15:00
300672.XSHG,1day,2017-09-14 15:00:00,30.44,31.86,30.17,30.19,11638214,2017/9/14 15:00
300672.XSHG,1day,2017-09-15 15:00:00,28.59,29.5,27.35,27.87,11108703,2017/9/15 15:00
300672.XSHG,1day,2017-09-18 15:00:00,28.51,30.65,28.39,30.65,6676706,2017/9/18 15:00
300672.XSHG,1day,2017-09-19 15:00:00,32.94,33.72,32.13,33.24,17317663,2017/9/19 15:00
300672.XSHG,1day,2017-09-25 15:00:00,35.25,36.56,35.25,36.56,14716073,2017/9/25 15:00
300672.XSHG,1day,2017-09-26 15:00:00,34.96,35.74,32.91,33.84,12327671,2017/9/26 15:00
300672.XSHG,1day,2017-09-27 15:00:00,34.5,37.23,34.5,37.23,11827113,2017/9/27 15:00
300672.XSHG,1day,2017-09-28 15:00:00,35.43,40.55,35.43,37.16,12750680,2017/9/28 15:00
300672.XSHG,1day,2017-09-29 15:00:00,37.16,39.27,35.15,37.46,9612332,2017/9/29 15:00
300672.XSHG,1day,2017-10-09 15:00:00,37.36,39.15,36.24,37.12,10557125,2017/10/9 15:00
300672.XSHG,1day,2017-10-10 15:00:00,36.36,40.12,36.36,38.91,10826794,2017/10/10 15:00
300672.XSHG,1day,2017-10-11 15:00:00,38.22,38.46,36.36,36.59,8857545,2017/10/11 15:00
300672.XSHG,1day,2017-10-12 15:00:00,36.05,37.32,34.2,35.39,6520470,2017/10/12 15:00
300672.XSHG,1day,2017-10-13 15:00:00,35.88,36.03,34.52,35.38,5049037,2017/10/13 15:00
300672.XSHG,1day,2017-10-16 15:00:00,35.11,36.16,33.87,34.77,5741882,2017/10/16 15:00
300672.XSHG,1day,2017-10-17 15:00:00,34.65,35.3,33.88,34.06,4597391,2017/10/17 15:00
300672.XSHG,1day,2017-10-18 15:00:00,33.97,36.13,33.93,34.52,6380492,2017/10/18 15:00
300672.XSHG,1day,2017-10-19 15:00:00,34.21,34.47,31.81,31.98,6893270,2017/10/19 15:00
300672.XSHG,1day,2017-10-20 15:00:00,32.01,32.8,31.82,32.48,3881701,2017/10/20 15:00
300672.XSHG,1day,2017-10-23 15:00:00,32.44,33.52,31.91,32.76,4086383,2017/10/23 15:00
300672.XSHG,1day,2017-10-24 15:00:00,32.63,32.82,31.09,31.79,4657566,2017/10/24 15:00
300672.XSHG,1day,2017-10-25 15:00:00,31.74,32.68,31.61,32.54,3883639,2017/10/25 15:00
300672.XSHG,1day,2017-10-26 15:00:00,32.41,35.56,32.41,34.43,7056113,2017/10/26 15:00
300672.XSHG,1day,2017-10-27 15:00:00,34.18,35,33.81,34.67,4586774,2017/10/27 15:00
300672.XSHG,1day,2017-10-30 15:00:00,34.89,37.86,34.8,35.7,9378861,2017/10/30 15:00
300672.XSHG,1day,2017-10-31 15:00:00,36.05,37.6,35.11,37.29,8485382,2017/10/31 15:00
300672.XSHG,1day,2017-11-01 15:00:00,37.1,41.02,37,41.02,6852248,2017/11/1 15:00
300672.XSHG,1day,2017-11-02 15:00:00,42.34,44.62,41.04,41.37,11806689,2017/11/2 15:00
300672.XSHG,1day,2017-11-03 15:00:00,41.36,44.14,40.71,43.74,11009418,2017/11/3 15:00
300672.XSHG,1day,2017-11-06 15:00:00,43.63,45.18,42.39,44.13,10289226,2017/11/6 15:00
300672.XSHG,1day,2017-11-07 15:00:00,44.31,44.31,42.48,43.49,7919337,2017/11/7 15:00
300672.XSHG,1day,2017-11-08 15:00:00,42.6,44.49,42.5,42.77,8769690,2017/11/8 15:00
300672.XSHG,1day,2017-11-09 15:00:00,42.1,44.43,41.29,44.12,9670086,2017/11/9 15:00
300672.XSHG,1day,2017-11-10 15:00:00,43.65,46.31,42.67,42.68,10119161,2017/11/10 15:00
300672.XSHG,1day,2017-11-13 15:00:00,42.97,46.18,42.45,45.25,9646112,2017/11/13 15:00
300672.XSHG,1day,2017-11-14 15:00:00,44.79,48.78,44,45.61,11496788,2017/11/14 15:00
300672.XSHG,1day,2017-11-15 15:00:00,44.75,45.25,41.04,41.29,10669923,2017/11/15 15:00
300672.XSHG,1day,2017-11-16 15:00:00,41.33,41.72,39.36,40.98,6750400,2017/11/16 15:00
300672.XSHG,1day,2017-11-17 15:00:00,40.54,42.76,39.81,40.57,7038566,2017/11/17 15:00
300672.XSHG,1day,2017-11-20 15:00:00,40.01,44.63,39.61,44.63,7993994,2017/11/20 15:00
300672.XSHG,1day,2017-11-21 15:00:00,44.13,45.28,42.58,45,8765028,2017/11/21 15:00
300672.XSHG,1day,2017-11-22 15:00:00,45.01,48.48,44.39,46.74,10048689,2017/11/22 15:00
300672.XSHG,1day,2017-11-23 15:00:00,45.7,48.48,45.12,46.43,8529307,2017/11/23 15:00
300672.XSHG,1day,2017-11-24 15:00:00,46.06,46.8,41.78,41.78,7882816,2017/11/24 15:00
300672.XSHG,1day,2017-11-27 15:00:00,39.78,39.78,37.61,37.61,6042603,2017/11/27 15:00
300672.XSHG,1day,2017-11-28 15:00:00,36.98,40.89,36.13,40.09,8153925,2017/11/28 15:00
300672.XSHG,1day,2017-11-29 15:00:00,38.86,39.13,36.08,36.89,7797376,2017/11/29 15:00
300672.XSHG,1day,2017-11-30 15:00:00,36.2,38.52,36.08,36.97,5437611,2017/11/30 15:00
300672.XSHG,1day,2017-12-01 15:00:00,36.95,38.83,36.73,38.27,6366804,2017/12/1 15:00
300672.XSHG,1day,2017-12-04 15:00:00,37.91,37.91,34.81,34.99,6926897,2017/12/4 15:00
300672.XSHG,1day,2017-12-05 15:00:00,34.62,35.71,32.63,33.24,6021836,2017/12/5 15:00
300672.XSHG,1day,2017-12-06 15:00:00,33.31,35.18,33.31,34.77,5542198,2017/12/6 15:00
300672.XSHG,1day,2017-12-07 15:00:00,34.43,36.35,34.18,35.16,5444688,2017/12/7 15:00
300672.XSHG,1day,2017-12-08 15:00:00,34.9,38.22,34.87,36.54,6081851,2017/12/8 15:00
300672.XSHG,1day,2017-12-11 15:00:00,36.36,37.26,36.07,36.98,4182275,2017/12/11 15:00
300672.XSHG,1day,2017-12-12 15:00:00,36.39,38.52,36.39,37.57,4965216,2017/12/12 15:00
300672.XSHG,1day,2017-12-13 15:00:00,37.1,37.79,36.61,37.53,3757331,2017/12/13 15:00
300672.XSHG,1day,2017-12-14 15:00:00,37.53,39.08,36.36,38.44,5762146,2017/12/14 15:00
300672.XSHG,1day,2017-12-15 15:00:00,38.53,40.32,37.79,38.6,6919499,2017/12/15 15:00
300672.XSHG,1day,2017-12-18 15:00:00,37.91,37.95,34.74,35.17,5982747,2017/12/18 15:00
300672.XSHG,1day,2017-12-19 15:00:00,34.8,36.41,34.8,35.61,3095870,2017/12/19 15:00
300672.XSHG,1day,2017-12-20 15:00:00,35.23,36.45,35.11,35.95,3037460,2017/12/20 15:00
300672.XSHG,1day,2017-12-21 15:00:00,35.58,37.2,35.25,36.65,3975347,2017/12/21 15:00
300672.XSHG,1day,2017-12-22 15:00:00,36.92,37.59,36.49,36.9,3283481,2017/12/22 15:00
300672.XSHG,1day,2017-12-25 15:00:00,36.99,37.15,35.8,35.93,2765541,2017/12/25 15:00
300672.XSHG,1day,2017-12-26 15:00:00,35.84,39.52,35.44,39.52,5709528,2017/12/26 15:00
300672.XSHG,1day,2017-12-27 15:00:00,40.19,41.89,39.58,40.24,8977249,2017/12/27 15:00
300672.XSHG,1day,2017-12-28 15:00:00,39.67,40.86,39.18,39.47,5937043,2017/12/28 15:00
300672.XSHG,1day,2017-12-29 15:00:00,39.3,42.05,39.25,40.32,5892964,2017/12/29 15:00
300672.XSHG,1day,2018-01-02 15:00:00,40.62,40.9,39.2,40.55,4012046,2018/1/2 15:00
300672.XSHG,1day,2018-01-03 15:00:00,40.05,40.62,39.19,39.99,4001415,2018/1/3 15:00
300672.XSHG,1day,2018-01-04 15:00:00,39.78,41.57,39.58,40.34,5184994,2018/1/4 15:00
300672.XSHG,1day,2018-01-05 15:00:00,40.23,40.23,38.12,38.41,4757970,2018/1/5 15:00
300672.XSHG,1day,2018-01-08 15:00:00,37.66,38.1,36.1,37.23,4075441,2018/1/8 15:00
300672.XSHG,1day,2018-01-09 15:00:00,37.29,37.74,36.43,36.84,2740764,2018/1/9 15:00
300672.XSHG,1day,2018-01-10 15:00:00,36.84,37.5,35.74,36.23,2903278,2018/1/10 15:00
300672.XSHG,1day,2018-01-11 15:00:00,35.78,39.86,35.55,38.6,8096320,2018/1/11 15:00
300672.XSHG,1day,2018-01-12 15:00:00,37.84,38.37,35.95,36.23,5497306,2018/1/12 15:00
300672.XSHG,1day,2018-01-15 15:00:00,36.26,36.48,33.69,34.38,4338017,2018/1/15 15:00
300672.XSHG,1day,2018-01-16 15:00:00,34.18,35.89,34.18,35.11,3077693,2018/1/16 15:00
300672.XSHG,1day,2018-01-17 15:00:00,35.49,38.55,34.05,36.92,5970346,2018/1/17 15:00
300672.XSHG,1day,2018-01-18 15:00:00,36.36,36.85,35.79,35.95,3182921,2018/1/18 15:00
300672.XSHG,1day,2018-01-19 15:00:00,36.02,36.63,35.13,35.22,2863229,2018/1/19 15:00
300672.XSHG,1day,2018-01-22 15:00:00,34.87,36.02,33.85,35.56,2903437,2018/1/22 15:00
300672.XSHG,1day,2018-01-23 15:00:00,35.64,36.2,35.21,36.19,2608990,2018/1/23 15:00
300672.XSHG,1day,2018-01-24 15:00:00,35.92,37.41,35.48,36.77,3874148,2018/1/24 15:00
300672.XSHG,1day,2018-01-25 15:00:00,36.23,37.4,35.41,35.51,3273353,2018/1/25 15:00
300672.XSHG,1day,2018-01-26 15:00:00,34.84,35.7,34.49,34.55,2455174,2018/1/26 15:00
300672.XSHG,1day,2018-01-29 15:00:00,35.43,36.23,34.61,34.82,2334013,2018/1/29 15:00
300672.XSHG,1day,2018-01-30 15:00:00,34.21,36.35,34.12,35.18,2722274,2018/1/30 15:00
300672.XSHG,1day,2018-01-31 15:00:00,31.66,32.63,31.66,31.66,3442619,2018/1/31 15:00
300672.XSHG,1day,2018-02-01 15:00:00,29.38,30.42,28.5,28.5,4607852,2018/2/1 15:00
300672.XSHG,1day,2018-02-02 15:00:00,27.97,28.43,25.73,26.79,3671416,2018/2/2 15:00
300672.XSHG,1day,2018-02-05 15:00:00,26.72,27.55,25.79,26.61,2128064,2018/2/5 15:00
300672.XSHG,1day,2018-02-06 15:00:00,25.79,26.51,24.24,24.26,2854049,2018/2/6 15:00
300672.XSHG,1day,2018-02-07 15:00:00,25.17,25.79,24.06,25.22,3188066,2018/2/7 15:00
300672.XSHG,1day,2018-02-08 15:00:00,25.27,26.72,25.21,26.26,3236833,2018/2/8 15:00
300672.XSHG,1day,2018-02-09 15:00:00,24.89,26.41,24.62,25.08,3035856,2018/2/9 15:00
300672.XSHG,1day,2018-02-12 15:00:00,25.39,26.21,25.3,26.21,2650985,2018/2/12 15:00
300672.XSHG,1day,2018-02-13 15:00:00,26.23,26.4,24.75,24.8,3319528,2018/2/13 15:00
300672.XSHG,1day,2018-02-14 15:00:00,24.8,25.1,23.4,23.52,2665783,2018/2/14 15:00
300672.XSHG,1day,2018-02-22 15:00:00,24.2,25.23,24.16,25.05,3093143,2018/2/22 15:00
300672.XSHG,1day,2018-02-23 15:00:00,25.08,26.22,25.05,25.53,3327895,2018/2/23 15:00
300672.XSHG,1day,2018-02-26 15:00:00,26.34,28.09,25.79,28.09,5059990,2018/2/26 15:00
300672.XSHG,1day,2018-02-27 15:00:00,29.83,30.63,28.91,29.51,8336552,2018/2/27 15:00
300672.XSHG,1day,2018-02-28 15:00:00,29.04,30.68,28.46,29.46,6084598,2018/2/28 15:00
300672.XSHG,1day,2018-03-01 15:00:00,29.21,31.62,28.9,30.7,6098268,2018/3/1 15:00
300672.XSHG,1day,2018-03-02 15:00:00,30.08,30.95,29.68,29.96,4855634,2018/3/2 15:00
300672.XSHG,1day,2018-03-05 15:00:00,29.54,31.08,29.54,30.92,5085560,2018/3/5 15:00
300672.XSHG,1day,2018-03-06 15:00:00,30.25,32.8,30.25,30.73,6546860,2018/3/6 15:00
300672.XSHG,1day,2018-03-07 15:00:00,30.24,31.67,30.24,31.19,4540758,2018/3/7 15:00
300672.XSHG,1day,2018-03-08 15:00:00,30.98,31.7,30.65,31.2,3769245,2018/3/8 15:00
300672.XSHG,1day,2018-03-09 15:00:00,31.42,34.32,31.42,34.32,4758617,2018/3/9 15:00
300672.XSHG,1day,2018-03-12 15:00:00,36.05,37.75,35.56,37.75,13068613,2018/3/12 15:00
300672.XSHG,1day,2018-03-13 15:00:00,37.6,38.53,36.59,38.02,9718363,2018/3/13 15:00
300672.XSHG,1day,2018-03-14 15:00:00,37.29,40.39,37.1,37.6,9943457,2018/3/14 15:00
300672.XSHG,1day,2018-03-15 15:00:00,37.99,40.64,37.73,39.65,10705965,2018/3/15 15:00
300672.XSHG,1day,2018-03-16 15:00:00,37.91,38.84,36.61,38.66,8799455,2018/3/16 15:00
300672.XSHG,1day,2018-03-19 15:00:00,37.69,40.24,37.37,39.12,9200421,2018/3/19 15:00
300672.XSHG,1day,2018-03-20 15:00:00,38.07,40.58,38.07,40.58,9003804,2018/3/20 15:00
300672.XSHG,1day,2018-03-21 15:00:00,41.33,42.13,37.91,38.27,9614740,2018/3/21 15:00
300672.XSHG,1day,2018-03-22 15:00:00,38.04,38.98,36.8,37.46,7306788,2018/3/22 15:00
300672.XSHG,1day,2018-03-23 15:00:00,35.8,38.28,35.43,36.09,8145891,2018/3/23 15:00
300672.XSHG,1day,2018-03-26 15:00:00,37.29,39.7,37.29,39.7,4501182,2018/3/26 15:00
300672.XSHG,1day,2018-03-27 15:00:00,43.63,43.67,42.01,43.67,16024668,2018/3/27 15:00
300672.XSHG,1day,2018-03-28 15:00:00,42.95,45.06,42.81,44.23,12653811,2018/3/28 15:00
300672.XSHG,1day,2018-03-29 15:00:00,43.82,45.31,41.77,42.45,9362451,2018/3/29 15:00
300672.XSHG,1day,2018-03-30 15:00:00,42.26,44.56,42.26,44.11,9818438,2018/3/30 15:00
300672.XSHG,1day,2018-04-02 15:00:00,44.13,46.97,42.86,43.85,11135730,2018/4/2 15:00
300672.XSHG,1day,2018-04-03 15:00:00,42.26,43.25,42.01,43.2,6690864,2018/4/3 15:00
300672.XSHG,1day,2018-04-04 15:00:00,43.1,47.52,43.1,46,13366444,2018/4/4 15:00
300672.XSHG,1day,2018-04-09 15:00:00,44.75,45.38,41.71,44.33,9586413,2018/4/9 15:00
300672.XSHG,1day,2018-04-10 15:00:00,42.37,42.98,41.06,42.87,7977901,2018/4/10 15:00
300672.XSHG,1day,2018-04-11 15:00:00,42.7,43.66,41.96,42.29,5404466,2018/4/11 15:00
300672.XSHG,1day,2018-04-12 15:00:00,42.14,43.04,41.34,41.44,4634241,2018/4/12 15:00
300672.XSHG,1day,2018-04-13 15:00:00,41.83,42.48,39.78,41.91,6675902,2018/4/13 15:00
300672.XSHG,1day,2018-04-16 15:00:00,41.08,42.45,40.47,42.01,4518555,2018/4/16 15:00
300672.XSHG,1day,2018-04-17 15:00:00,42.5,44.75,41.65,42.64,8443230,2018/4/17 15:00
300672.XSHG,1day,2018-04-18 15:00:00,43.5,46.9,42.38,46.07,12490346,2018/4/18 15:00
300672.XSHG,1day,2018-04-19 15:00:00,45.37,45.56,43.32,43.33,9891327,2018/4/19 15:00
300672.XSHG,1day,2018-04-20 15:00:00,42.78,44.33,42.45,42.78,6301645,2018/4/20 15:00
300672.XSHG,1day,2018-04-23 15:00:00,43.51,43.51,38.5,38.78,8078630,2018/4/23 15:00
300672.XSHG,1day,2018-04-24 15:00:00,38.91,40.45,37.31,39.93,5488459,2018/4/24 15:00
300672.XSHG,1day,2018-04-25 15:00:00,39.15,40.76,39.15,39.79,4545584,2018/4/25 15:00
300672.XSHG,1day,2018-04-26 15:00:00,39.55,41.01,38.91,38.96,4975505,2018/4/26 15:00
300672.XSHG,1day,2018-04-27 15:00:00,38.84,39.43,36.37,36.56,5350405,2018/4/27 15:00
300672.XSHG,1day,2018-05-02 15:00:00,37.35,38.43,36.61,37.22,3368115,2018/5/2 15:00
300672.XSHG,1day,2018-05-03 15:00:00,36.86,38.12,35.54,37.82,3887982,2018/5/3 15:00
300672.XSHG,1day,2018-05-04 15:00:00,37.84,39.88,37.06,38.25,4826503,2018/5/4 15:00
300672.XSHG,1day,2018-05-07 15:00:00,37.69,38.86,37.54,38.61,3583878,2018/5/7 15:00
300672.XSHG,1day,2018-05-08 15:00:00,38.53,38.79,37.71,38.41,3019456,2018/5/8 15:00
300672.XSHG,1day,2018-05-09 15:00:00,38.47,39.96,38.04,38.79,3959109,2018/5/9 15:00
300672.XSHG,1day,2018-05-10 15:00:00,38.56,38.84,37.31,37.76,2757016,2018/5/10 15:00
300672.XSHG,1day,2018-05-11 15:00:00,38.03,38.84,37.56,37.86,2552191,2018/5/11 15:00
300672.XSHG,1day,2018-05-14 15:00:00,37.53,39.27,36.95,38.42,4094257,2018/5/14 15:00
300672.XSHG,1day,2018-05-15 15:00:00,38.35,39.02,37.67,38.91,3279453,2018/5/15 15:00
300672.XSHG,1day,2018-05-16 15:00:00,38.91,39.32,38.51,38.53,3788061,2018/5/16 15:00
300672.XSHG,1day,2018-05-17 15:00:00,38.1,39.11,37.97,38.76,2656139,2018/5/17 15:00
300672.XSHG,1day,2018-05-18 15:00:00,38.44,38.95,37.29,37.68,2653560,2018/5/18 15:00
300672.XSHG,1day,2018-05-21 15:00:00,37.84,40.12,37.34,39.7,4885401,2018/5/21 15:00
300672.XSHG,1day,2018-06-05 15:00:00,37.29,39.79,35.92,39.47,5802373,2018/6/5 15:00
300672.XSHG,1day,2018-06-06 15:00:00,38.8,39.43,37.7,37.91,3701023,2018/6/6 15:00
300672.XSHG,1day,2018-06-07 15:00:00,38.07,38.07,36.17,36.36,2950432,2018/6/7 15:00
300672.XSHG,1day,2018-06-08 15:00:00,36.33,36.33,34.55,34.99,2699584,2018/6/8 15:00
300672.XSHG,1day,2018-06-11 15:00:00,35.01,35.73,34.65,34.81,1806105,2018/6/11 15:00
300672.XSHG,1day,2018-06-12 15:00:00,34.98,35.38,33.57,34.31,1821861,2018/6/12 15:00
300672.XSHG,1day,2018-06-13 15:00:00,34.52,35.55,34.06,34.29,2286710,2018/6/13 15:00
300672.XSHG,1day,2018-06-14 15:00:00,33.97,34.78,33.25,34.41,2206906,2018/6/14 15:00
300672.XSHG,1day,2018-06-15 15:00:00,34.34,36.42,33.56,35.33,3433444,2018/6/15 15:00
300672.XSHG,1day,2018-06-19 15:00:00,34.62,36.22,31.8,32.29,3945906,2018/6/19 15:00
300672.XSHG,1day,2018-06-20 15:00:00,32.32,34.18,31.91,33.25,3365863,2018/6/20 15:00
300672.XSHG,1day,2018-06-21 15:00:00,33.08,33.8,30.76,30.77,3204473,2018/6/21 15:00
300672.XSHG,1day,2018-06-22 15:00:00,30.86,31.39,29.65,30.2,2301045,2018/6/22 15:00
300672.XSHG,1day,2018-06-25 15:00:00,30.47,31.13,29.87,29.92,1815615,2018/6/25 15:00
300672.XSHG,1day,2018-06-26 15:00:00,29.36,31.32,28.99,30.71,2627500,2018/6/26 15:00
300672.XSHG,1day,2018-06-27 15:00:00,30.7,31.54,30.23,30.87,2513768,2018/6/27 15:00
300672.XSHG,1day,2018-06-28 15:00:00,30.56,31.67,30.56,30.66,2049830,2018/6/28 15:00
300672.XSHG,1day,2018-06-29 15:00:00,30.86,33.73,30.7,33.73,2917537,2018/6/29 15:00
300672.XSHG,1day,2018-07-02 15:00:00,36.04,36.64,34.41,34.9,7099650,2018/7/2 15:00
300672.XSHG,1day,2018-07-03 15:00:00,35.03,38.39,34.71,38.39,6746090,2018/7/3 15:00
300672.XSHG,1day,2018-07-04 15:00:00,39.28,42.04,37.32,39.89,11174772,2018/7/4 15:00
300672.XSHG,1day,2018-07-05 15:00:00,38.84,39.74,37.14,37.31,7096924,2018/7/5 15:00
300672.XSHG,1day,2018-07-06 15:00:00,36.87,39.97,35.94,37.12,8740409,2018/7/6 15:00
300672.XSHG,1day,2018-07-09 15:00:00,36.83,38.03,36.16,37.56,6347766,2018/7/9 15:00
300672.XSHG,1day,2018-07-10 15:00:00,37.16,37.56,36.55,37.18,4886828,2018/7/10 15:00
300672.XSHG,1day,2018-07-11 15:00:00,35.25,35.97,33.47,35.06,7164780,2018/7/11 15:00
300672.XSHG,1day,2018-07-12 15:00:00,34.91,38.43,34.91,36.59,7386475,2018/7/12 15:00
300672.XSHG,1day,2018-07-13 15:00:00,36.65,37.18,35.93,36.63,5021106,2018/7/13 15:00
300672.XSHG,1day,2018-07-16 15:00:00,35.98,37.2,35.54,36.16,4693373,2018/7/16 15:00
300672.XSHG,1day,2018-07-17 15:00:00,35.54,36.65,34.16,35.28,5184415,2018/7/17 15:00
300672.XSHG,1day,2018-07-18 15:00:00,35.74,37.4,35.15,35.25,4647177,2018/7/18 15:00
300672.XSHG,1day,2018-07-19 15:00:00,34.91,35.16,33.35,33.66,4128221,2018/7/19 15:00
300672.XSHG,1day,2018-07-20 15:00:00,34.16,34.47,33.48,34.09,2692776,2018/7/20 15:00
300672.XSHG,1day,2018-07-23 15:00:00,34.57,35.88,34.21,35.19,3496329,2018/7/23 15:00
300672.XSHG,1day,2018-07-24 15:00:00,35.15,35.75,34.41,35.47,3554548,2018/7/24 15:00
300672.XSHG,1day,2018-07-25 15:00:00,35.11,36.96,35.11,36.52,5728395,2018/7/25 15:00
300672.XSHG,1day,2018-07-26 15:00:00,36.16,36.43,34.62,34.64,3612306,2018/7/26 15:00
300672.XSHG,1day,2018-07-27 15:00:00,34.37,34.89,33.44,33.52,2319496,2018/7/27 15:00
300672.XSHG,1day,2018-07-30 15:00:00,33.52,34.15,32.58,32.91,1895666,2018/7/30 15:00
300672.XSHG,1day,2018-07-31 15:00:00,32.91,33.52,30.88,31.87,2852406,2018/7/31 15:00
300672.XSHG,1day,2018-08-01 15:00:00,31.79,32.85,31.64,31.95,1896788,2018/8/1 15:00
300672.XSHG,1day,2018-08-02 15:00:00,31.67,31.77,30.23,31.75,2364888,2018/8/2 15:00
300672.XSHG,1day,2018-08-03 15:00:00,31.77,31.9,30.55,30.55,1544511,2018/8/3 15:00
300672.XSHG,1day,2018-08-06 15:00:00,30.23,30.79,29.38,29.63,1535049,2018/8/6 15:00
300672.XSHG,1day,2018-08-07 15:00:00,29.98,30.61,29.74,30.58,1724984,2018/8/7 15:00
300672.XSHG,1day,2018-08-08 15:00:00,30.25,30.56,29.68,29.8,1879311,2018/8/8 15:00
300672.XSHG,1day,2018-08-09 15:00:00,29.8,32.78,29.61,32.78,2637277,2018/8/9 15:00
300672.XSHG,1day,2018-08-10 15:00:00,33.88,35.51,33.88,35.13,7869988,2018/8/10 15:00
300672.XSHG,1day,2018-08-13 15:00:00,33.66,36.08,33.46,35.5,6543004,2018/8/13 15:00
300672.XSHG,1day,2018-08-14 15:00:00,34.99,35.26,33.97,34.22,3952239,2018/8/14 15:00
300672.XSHG,1day,2018-08-15 15:00:00,34.22,35.1,33.57,33.99,3740481,2018/8/15 15:00
300672.XSHG,1day,2018-08-16 15:00:00,32.98,34.58,32.93,33.04,3200040,2018/8/16 15:00
300672.XSHG,1day,2018-08-17 15:00:00,33.66,34.57,32.51,32.9,3282007,2018/8/17 15:00
300672.XSHG,1day,2018-08-20 15:00:00,32.81,33.66,31.85,33.63,3430554,2018/8/20 15:00
300672.XSHG,1day,2018-08-21 15:00:00,33.35,33.85,32.23,33.23,3274797,2018/8/21 15:00
300672.XSHG,1day,2018-08-22 15:00:00,33.04,33.16,31.97,31.97,2364093,2018/8/22 15:00
300672.XSHG,1day,2018-08-23 15:00:00,32.03,35.17,32.03,34.08,8121836,2018/8/23 15:00
300672.XSHG,1day,2018-08-24 15:00:00,33.61,33.66,32.3,32.72,5642725,2018/8/24 15:00
300672.XSHG,1day,2018-08-27 15:00:00,32.66,33.6,32.56,33.24,4222539,2018/8/27 15:00
300672.XSHG,1day,2018-08-28 15:00:00,33.66,34.2,33.08,33.35,3709361,2018/8/28 15:00
300672.XSHG,1day,2018-08-29 15:00:00,33.11,33.33,32.73,33.01,2274895,2018/8/29 15:00
300672.XSHG,1day,2018-08-30 15:00:00,32.68,33.15,32.1,32.17,2365382,2018/8/30 15:00
300672.XSHG,1day,2018-08-31 15:00:00,32.27,32.38,30.79,31.03,2886249,2018/8/31 15:00
300672.XSHG,1day,2018-09-03 15:00:00,31.11,32.59,30.25,32.02,2868925,2018/9/3 15:00
300672.XSHG,1day,2018-09-04 15:00:00,31.69,32.76,31.61,32.32,3000481,2018/9/4 15:00
300672.XSHG,1day,2018-09-05 15:00:00,32.17,32.17,31.36,31.41,2582582,2018/9/5 15:00
300672.XSHG,1day,2018-09-06 15:00:00,31.32,32.42,31.17,31.78,2731288,2018/9/6 15:00
300672.XSHG,1day,2018-09-07 15:00:00,31.49,32.15,30,30.72,3135706,2018/9/7 15:00
300672.XSHG,1day,2018-09-10 15:00:00,30.79,30.79,29.61,29.64,1916847,2018/9/10 15:00
300672.XSHG,1day,2018-09-11 15:00:00,29.72,30.3,29.55,30.05,1415698,2018/9/11 15:00
300672.XSHG,1day,2018-09-12 15:00:00,30.2,30.46,29.92,30.08,1504889,2018/9/12 15:00
300672.XSHG,1day,2018-09-13 15:00:00,30.55,30.72,29.58,30.32,1649593,2018/9/13 15:00
300672.XSHG,1day,2018-09-14 15:00:00,30.55,30.55,29.6,29.67,1481138,2018/9/14 15:00
300672.XSHG,1day,2018-09-17 15:00:00,29.61,29.61,27.07,28.11,2123306,2018/9/17 15:00
300672.XSHG,1day,2018-09-18 15:00:00,27.88,28.97,27.75,28.77,1782092,2018/9/18 15:00
300672.XSHG,1day,2018-09-19 15:00:00,28.62,30.53,28.56,29.65,2723266,2018/9/19 15:00
300672.XSHG,1day,2018-09-20 15:00:00,29.49,29.75,28.93,28.98,1857810,2018/9/20 15:00
300672.XSHG,1day,2018-09-21 15:00:00,29.23,29.25,28.77,29.21,1395487,2018/9/21 15:00
300672.XSHG,1day,2018-09-25 15:00:00,29.49,30.79,29.13,29.85,2528843,2018/9/25 15:00
300672.XSHG,1day,2018-09-26 15:00:00,29.73,30.61,29.55,30.05,2010853,2018/9/26 15:00
300672.XSHG,1day,2018-09-27 15:00:00,30.05,30.23,28.67,28.86,2016940,2018/9/27 15:00
300672.XSHG,1day,2018-09-28 15:00:00,28.88,29.54,28.87,29.3,1052668,2018/9/28 15:00
300672.XSHG,1day,2018-10-08 15:00:00,28.3,28.95,27.23,27.5,1659854,2018/10/8 15:00
300672.XSHG,1day,2018-10-09 15:00:00,27.55,28.17,27.18,27.7,1161591,2018/10/9 15:00
300672.XSHG,1day,2018-10-10 15:00:00,27.71,28.84,27.12,28.24,1813844,2018/10/10 15:00
300672.XSHG,1day,2018-10-11 15:00:00,27.05,27.18,25.41,25.41,2405327,2018/10/11 15:00
300672.XSHG,1day,2018-10-12 15:00:00,25.42,25.76,23.15,24.9,2421037,2018/10/12 15:00
300672.XSHG,1day,2018-10-15 15:00:00,24.31,25.89,24.31,24.79,1641720,2018/10/15 15:00
300672.XSHG,1day,2018-10-16 15:00:00,24.8,25.81,24.8,24.93,1989666,2018/10/16 15:00
300672.XSHG,1day,2018-10-17 15:00:00,25.28,27.43,24.72,26.7,3838337,2018/10/17 15:00
300672.XSHG,1day,2018-10-18 15:00:00,26.34,26.34,24.95,25.08,2511354,2018/10/18 15:00
300672.XSHG,1day,2018-10-19 15:00:00,24.93,25.98,24.34,25.78,2325751,2018/10/19 15:00
300672.XSHG,1day,2018-10-22 15:00:00,25.66,27.58,25.66,27.02,3109229,2018/10/22 15:00
300672.XSHG,1day,2018-10-23 15:00:00,26.82,27.28,26.29,26.61,1877538,2018/10/23 15:00
300672.XSHG,1day,2018-10-24 15:00:00,26.53,26.99,25.73,26.08,1831496,2018/10/24 15:00
300672.XSHG,1day,2018-10-25 15:00:00,24.14,25.53,24.14,25.34,1490453,2018/10/25 15:00
300672.XSHG,1day,2018-10-26 15:00:00,25.59,26.4,25.31,25.55,1348470,2018/10/26 15:00
300672.XSHG,1day,2018-10-29 15:00:00,25.81,26.03,25.05,25.06,1058593,2018/10/29 15:00
300672.XSHG,1day,2018-10-30 15:00:00,25.22,25.3,23.56,24.57,1513394,2018/10/30 15:00
300672.XSHG,1day,2018-10-31 15:00:00,24.93,25.69,24.93,25.21,1736531,2018/10/31 15:00
300672.XSHG,1day,2018-11-01 15:00:00,25.88,26.34,25.31,25.48,2540397,2018/11/1 15:00
300672.XSHG,1day,2018-11-02 15:00:00,25.97,26.49,25.87,26.34,2862026,2018/11/2 15:00
300672.XSHG,1day,2018-11-05 15:00:00,26.18,26.68,25.48,26.02,2194692,2018/11/5 15:00
300672.XSHG,1day,2018-11-06 15:00:00,26.49,27.12,26.26,26.64,3688669,2018/11/6 15:00
300672.XSHG,1day,2018-11-07 15:00:00,25.99,27.05,25.99,26.57,2988446,2018/11/7 15:00
300672.XSHG,1day,2018-11-08 15:00:00,26.83,26.93,25.85,25.99,1970586,2018/11/8 15:00
300672.XSHG,1day,2018-11-09 15:00:00,25.75,26.23,25.6,25.78,999086,2018/11/9 15:00
300672.XSHG,1day,2018-11-12 15:00:00,25.56,26.49,25.48,26.33,1792361,2018/11/12 15:00
300672.XSHG,1day,2018-11-13 15:00:00,25.68,26.32,25.43,26.24,2769617,2018/11/13 15:00
300672.XSHG,1day,2018-11-14 15:00:00,26.14,27.34,25.95,26.74,3925446,2018/11/14 15:00
300672.XSHG,1day,2018-11-15 15:00:00,26.34,27.34,26.34,27.05,3478356,2018/11/15 15:00
300672.XSHG,1day,2018-11-16 15:00:00,27,27.55,26.82,27.31,3504513,2018/11/16 15:00
300672.XSHG,1day,2018-11-19 15:00:00,27.31,27.31,26.54,26.73,2270883,2018/11/19 15:00
300672.XSHG,1day,2018-11-20 15:00:00,26.68,27.35,26.22,26.36,2403713,2018/11/20 15:00
300672.XSHG,1day,2018-11-21 15:00:00,25.78,26.24,25.73,25.93,1553018,2018/11/21 15:00
300672.XSHG,1day,2018-11-22 15:00:00,26.03,26.29,25.75,25.93,1192065,2018/11/22 15:00
300672.XSHG,1day,2018-11-23 15:00:00,26.01,26.01,24.75,24.75,1975878,2018/11/23 15:00
300672.XSHG,1day,2018-11-26 15:00:00,24.93,25.06,24,24.2,1326987,2018/11/26 15:00
300672.XSHG,1day,2018-11-27 15:00:00,24.36,24.59,24.11,24.37,940697,2018/11/27 15:00
300672.XSHG,1day,2018-11-28 15:00:00,24.44,25.39,24.03,24.99,1649588,2018/11/28 15:00
300672.XSHG,1day,2018-11-29 15:00:00,25.78,27.48,25.25,25.25,3136189,2018/11/29 15:00
300672.XSHG,1day,2018-11-30 15:00:00,24.75,25.23,24.56,25.05,1679904,2018/11/30 15:00
300672.XSHG,1day,2018-12-03 15:00:00,25.97,26.41,25.57,26.06,2319805,2018/12/3 15:00
300672.XSHG,1day,2018-12-04 15:00:00,25.89,26.16,25.44,25.84,1698196,2018/12/4 15:00
300672.XSHG,1day,2018-12-05 15:00:00,25.23,26.31,25.02,25.62,1317037,2018/12/5 15:00
300672.XSHG,1day,2018-12-06 15:00:00,25.56,25.75,24.94,25.11,1284314,2018/12/6 15:00
300672.XSHG,1day,2018-12-07 15:00:00,25.15,25.47,24.93,25.02,765521,2018/12/7 15:00
300672.XSHG,1day,2018-12-10 15:00:00,25.02,25.35,24.82,24.96,831128,2018/12/10 15:00
300672.XSHG,1day,2018-12-11 15:00:00,25.23,25.28,24.87,25.11,855506,2018/12/11 15:00
300672.XSHG,1day,2018-12-12 15:00:00,25.22,25.41,25,25.13,572522,2018/12/12 15:00
300672.XSHG,1day,2018-12-13 15:00:00,25.31,25.4,25,25.11,971811,2018/12/13 15:00
300672.XSHG,1day,2018-12-14 15:00:00,25.12,25.25,24.55,24.6,1085706,2018/12/14 15:00
300672.XSHG,1day,2018-12-17 15:00:00,24.63,24.93,24.32,24.87,836092,2018/12/17 15:00
300672.XSHG,1day,2018-12-18 15:00:00,24.75,25.08,24.55,24.82,629800,2018/12/18 15:00
300672.XSHG,1day,2018-12-19 15:00:00,24.87,24.87,24.45,24.62,546068,2018/12/19 15:00
300672.XSHG,1day,2018-12-20 15:00:00,24.51,24.75,24.32,24.5,562581,2018/12/20 15:00
300672.XSHG,1day,2018-12-21 15:00:00,24.85,24.85,24.39,24.44,594511,2018/12/21 15:00
300672.XSHG,1day,2018-12-24 15:00:00,24.44,24.75,24.35,24.64,615045,2018/12/24 15:00
300672.XSHG,1day,2018-12-25 15:00:00,24.37,24.37,22.17,24.02,1252865,2018/12/25 15:00
300672.XSHG,1day,2018-12-26 15:00:00,24.03,24.38,23.66,23.73,904911,2018/12/26 15:00
300672.XSHG,1day,2018-12-27 15:00:00,23.76,24.27,23.56,23.56,862089,2018/12/27 15:00
300672.XSHG,1day,2018-12-28 15:00:00,23.49,23.67,22.49,22.63,1136890,2018/12/28 15:00
300672.XSHG,1day,2019-01-02 15:00:00,22.64,22.85,22.19,22.24,688517,2019/1/2 15:00
300672.XSHG,1day,2019-01-03 15:00:00,22.37,22.68,22.19,22.27,609265,2019/1/3 15:00
300672.XSHG,1day,2019-01-04 15:00:00,21.82,22.63,21.82,22.57,862410,2019/1/4 15:00
300672.XSHG,1day,2019-01-07 15:00:00,22.63,24.26,22.63,23.56,1625522,2019/1/7 15:00
300672.XSHG,1day,2019-01-08 15:00:00,23.31,23.93,23.31,23.36,868179,2019/1/8 15:00
300672.XSHG,1day,2019-01-09 15:00:00,23.28,25.63,23.28,24.52,2582574,2019/1/9 15:00
300672.XSHG,1day,2019-01-10 15:00:00,24.28,25.08,23.99,24.14,1363387,2019/1/10 15:00
300672.XSHG,1day,2019-01-11 15:00:00,24.19,24.39,23.4,23.89,882139,2019/1/11 15:00
300672.XSHG,1day,2019-01-14 15:00:00,23.81,24.04,23.5,23.66,609590,2019/1/14 15:00
300672.XSHG,1day,2019-01-15 15:00:00,23.44,24.12,23.44,23.93,647776,2019/1/15 15:00
300672.XSHG,1day,2019-01-16 15:00:00,24.04,25.22,23.83,24.36,1500876,2019/1/16 15:00
300672.XSHG,1day,2019-01-17 15:00:00,24.26,24.59,23.91,23.94,816855,2019/1/17 15:00
300672.XSHG,1day,2019-01-18 15:00:00,23.87,24.43,23.61,24.04,863047,2019/1/18 15:00
300672.XSHG,1day,2019-01-21 15:00:00,23.76,24.59,23.73,24.37,1143620,2019/1/21 15:00
300672.XSHG,1day,2019-01-22 15:00:00,24.37,24.37,23.69,23.81,760064,2019/1/22 15:00
300672.XSHG,1day,2019-01-23 15:00:00,24.06,24.06,23.69,23.79,549908,2019/1/23 15:00
300672.XSHG,1day,2019-01-24 15:00:00,23.79,25.25,23.78,24.47,2818393,2019/1/24 15:00
300672.XSHG,1day,2019-01-25 15:00:00,24.48,24.84,23.93,24.37,1813687,2019/1/25 15:00
300672.XSHG,1day,2019-01-28 15:00:00,24.62,24.89,24.06,24.22,1229292,2019/1/28 15:00
300672.XSHG,1day,2019-01-29 15:00:00,24.01,24.27,23.07,23.63,1283984,2019/1/29 15:00
300672.XSHG,1day,2019-01-30 15:00:00,23.68,24.08,23.59,23.71,900909,2019/1/30 15:00
300672.XSHG,1day,2019-01-31 15:00:00,23.69,24.03,23.18,23.33,964913,2019/1/31 15:00
300672.XSHG,1day,2019-02-01 15:00:00,23.67,24.24,23.43,24.22,1080733,2019/2/1 15:00
300672.XSHG,1day,2019-02-11 15:00:00,24.3,25.07,24.3,24.88,1450985,2019/2/11 15:00
300672.XSHG,1day,2019-02-12 15:00:00,24.76,25.25,24.76,25.18,1634667,2019/2/12 15:00
300672.XSHG,1day,2019-02-13 15:00:00,25.58,26.52,25.3,25.91,2266716,2019/2/13 15:00
300672.XSHG,1day,2019-02-14 15:00:00,25.89,25.89,25.26,25.56,1500402,2019/2/14 15:00
300672.XSHG,1day,2019-02-15 15:00:00,25.58,26.06,25.38,25.4,1299556,2019/2/15 15:00
300672.XSHG,1day,2019-02-18 15:00:00,25.87,26.42,25.51,26.36,2629907,2019/2/18 15:00
300672.XSHG,1day,2019-02-19 15:00:00,26.49,27.05,25.93,26.24,3470490,2019/2/19 15:00
300672.XSHG,1day,2019-02-20 15:00:00,26.11,26.11,25.43,25.99,1441363,2019/2/20 15:00
300672.XSHG,1day,2019-02-21 15:00:00,26.09,26.49,25.63,25.93,1760124,2019/2/21 15:00
300672.XSHG,1day,2019-02-22 15:00:00,25.59,26.46,25.59,26.41,1694505,2019/2/22 15:00
300672.XSHG,1day,2019-02-25 15:00:00,27.12,28.09,26.38,27.94,3898975,2019/2/25 15:00
300672.XSHG,1day,2019-02-26 15:00:00,27.77,30.42,27.31,28.39,3981278,2019/2/26 15:00
300672.XSHG,1day,2019-02-27 15:00:00,28.43,29.9,28.43,28.94,2958610,2019/2/27 15:00
300672.XSHG,1day,2019-02-28 15:00:00,28.97,30.61,28.36,29.57,3387722,2019/2/28 15:00
300672.XSHG,1day,2019-03-01 15:00:00,29.58,29.63,28.55,29.06,2115923,2019/3/1 15:00
300672.XSHG,1day,2019-03-04 15:00:00,30.4,30.98,29.44,29.65,4604811,2019/3/4 15:00
300672.XSHG,1day,2019-03-05 15:00:00,29.8,32.61,29.39,32.61,6303179,2019/3/5 15:00
300672.XSHG,1day,2019-03-06 15:00:00,32.6,32.6,31.23,32.06,4593575,2019/3/6 15:00
300672.XSHG,1day,2019-03-07 15:00:00,31.73,32.61,31.19,32.19,3735832,2019/3/7 15:00
300672.XSHG,1day,2019-03-08 15:00:00,32.6,35.41,31.36,34.52,10892434,2019/3/8 15:00
300672.XSHG,1day,2019-03-11 15:00:00,35.82,36.17,32.9,33.95,7591966,2019/3/11 15:00
300672.XSHG,1day,2019-03-12 15:00:00,33.66,34.7,33.33,33.99,6272043,2019/3/12 15:00
300672.XSHG,1day,2019-03-13 15:00:00,33.99,34.29,30.59,30.59,6151735,2019/3/13 15:00
300672.XSHG,1day,2019-03-14 15:00:00,29.93,30.45,27.86,28.79,5429521,2019/3/14 15:00
300672.XSHG,1day,2019-03-15 15:00:00,28.82,29.42,28.45,28.79,3010738,2019/3/15 15:00
300672.XSHG,1day,2019-03-18 15:00:00,29.3,29.5,28.8,29.47,2054174,2019/3/18 15:00
300672.XSHG,1day,2019-03-19 15:00:00,29.49,30.53,29.19,29.77,2634724,2019/3/19 15:00
300672.XSHG,1day,2019-03-20 15:00:00,29.91,30.12,29.08,29.98,1975878,2019/3/20 15:00
300672.XSHG,1day,2019-03-21 15:00:00,29.15,30.23,28.86,29.85,3846033,2019/3/21 15:00
300672.XSHG,1day,2019-03-22 15:00:00,29.95,30.53,29.09,30.46,3425905,2019/3/22 15:00
300672.XSHG,1day,2019-03-25 15:00:00,29.67,31.25,29.37,30.79,4336119,2019/3/25 15:00
300672.XSHG,1day,2019-03-26 15:00:00,31.11,31.14,29.42,29.73,3040254,2019/3/26 15:00
300672.XSHG,1day,2019-03-27 15:00:00,29.8,30.14,28.41,29.49,2164528,2019/3/27 15:00
300672.XSHG,1day,2019-03-28 15:00:00,29.3,30.75,28.93,29.46,2467241,2019/3/28 15:00
300672.XSHG,1day,2019-03-29 15:00:00,29.46,30.47,29.07,30.06,2446391,2019/3/29 15:00
300672.XSHG,1day,2019-04-01 15:00:00,30.42,31.17,30.06,31.17,3090145,2019/4/1 15:00
300672.XSHG,1day,2019-04-02 15:00:00,31.22,32.29,30.87,31.27,3977105,2019/4/2 15:00
300672.XSHG,1day,2019-04-03 15:00:00,30.99,32.1,30.98,31.23,2573432,2019/4/3 15:00
300672.XSHG,1day,2019-04-04 15:00:00,31.52,31.76,30.91,30.99,2108225,2019/4/4 15:00
300672.XSHG,1day,2019-04-08 15:00:00,30.98,31.12,29.68,29.78,2928125,2019/4/8 15:00
300672.XSHG,1day,2019-04-09 15:00:00,29.78,30.4,29.67,30.28,1570656,2019/4/9 15:00
300672.XSHG,1day,2019-04-10 15:00:00,29.92,30.86,29.8,30.35,2001546,2019/4/10 15:00
300672.XSHG,1day,2019-04-11 15:00:00,30.78,30.78,30.3,30.34,1865349,2019/4/11 15:00
300672.XSHG,1day,2019-04-12 15:00:00,30.2,30.32,29.22,29.37,1347677,2019/4/12 15:00
300672.XSHG,1day,2019-04-15 15:00:00,29.67,30.19,29.37,29.37,1220463,2019/4/15 15:00
300672.XSHG,1day,2019-04-16 15:00:00,29.49,30.17,28.98,29.95,1637077,2019/4/16 15:00
300672.XSHG,1day,2019-04-17 15:00:00,29.8,30.42,29.62,29.73,1369332,2019/4/17 15:00
300672.XSHG,1day,2019-04-18 15:00:00,29.92,30.08,29.42,29.45,1129184,2019/4/18 15:00
300672.XSHG,1day,2019-04-19 15:00:00,29.9,30.69,29.53,30.69,2785355,2019/4/19 15:00
300672.XSHG,1day,2019-04-22 15:00:00,30.83,32,30.35,30.73,2608728,2019/4/22 15:00
300672.XSHG,1day,2019-04-23 15:00:00,32.15,32.15,30.22,30.51,2877592,2019/4/23 15:00
300672.XSHG,1day,2019-04-24 15:00:00,30.24,31.17,29.31,30.81,2242494,2019/4/24 15:00
300672.XSHG,1day,2019-04-25 15:00:00,30.86,31.26,29.62,29.66,1863748,2019/4/25 15:00
300672.XSHG,1day,2019-04-26 15:00:00,29.3,30.15,29.24,29.65,1179566,2019/4/26 15:00
300672.XSHG,1day,2019-04-29 15:00:00,29.92,30.28,28.44,28.44,1265703,2019/4/29 15:00
300672.XSHG,1day,2019-04-30 15:00:00,28.6,29.22,28.24,28.56,815728,2019/4/30 15:00
300672.XSHG,1day,2019-05-06 15:00:00,27.81,27.81,25.93,26.38,1337084,2019/5/6 15:00
300672.XSHG,1day,2019-05-07 15:00:00,26.84,27.07,25.88,26.58,1048171,2019/5/7 15:00
300672.XSHG,1day,2019-05-08 15:00:00,25.89,28.61,25.89,27.25,1345274,2019/5/8 15:00
300672.XSHG,1day,2019-05-09 15:00:00,27.34,28.67,27.34,28.18,1982294,2019/5/9 15:00
300672.XSHG,1day,2019-05-10 15:00:00,28.35,29.61,27.62,29.59,2837163,2019/5/10 15:00
300672.XSHG,1day,2019-05-13 15:00:00,29.29,30.07,28.92,30.05,2104860,2019/5/13 15:00
300672.XSHG,1day,2019-05-14 15:00:00,29.8,30.15,29.45,29.45,1505519,2019/5/14 15:00
300672.XSHG,1day,2019-05-15 15:00:00,29.9,29.92,29.44,29.59,1093081,2019/5/15 15:00
300672.XSHG,1day,2019-05-16 15:00:00,29.63,29.9,29.3,29.67,1124050,2019/5/16 15:00
300672.XSHG,1day,2019-05-17 15:00:00,30.14,31.11,29.19,29.36,2548407,2019/5/17 15:00
300672.XSHG,1day,2019-05-20 15:00:00,30,31.05,29.86,30.55,2811820,2019/5/20 15:00
300672.XSHG,1day,2019-05-21 15:00:00,30.55,30.55,28.99,29.95,2025612,2019/5/21 15:00
300672.XSHG,1day,2019-05-22 15:00:00,30.05,31.18,29.61,31.17,2454718,2019/5/22 15:00
300672.XSHG,1day,2019-05-23 15:00:00,31.76,34.29,30.79,32.95,9217504,2019/5/23 15:00
300672.XSHG,1day,2019-05-24 15:00:00,31.1,31.48,29.65,29.92,6004146,2019/5/24 15:00
300672.XSHG,1day,2019-05-27 15:00:00,29.59,31.85,29.25,31.37,4015278,2019/5/27 15:00
300672.XSHG,1day,2019-05-28 15:00:00,31.03,32.06,30.67,31.08,2704981,2019/5/28 15:00
300672.XSHG,1day,2019-05-29 15:00:00,30.83,34.11,30.83,32.3,4792511,2019/5/29 15:00
300672.XSHG,1day,2019-05-30 15:00:00,31.48,32.59,30.98,31.5,3337188,2019/5/30 15:00
300672.XSHG,1day,2019-05-31 15:00:00,31.98,34.02,31.6,32.91,4178908,2019/5/31 15:00
300672.XSHG,1day,2019-06-03 15:00:00,33.76,34.54,32.29,33.13,3717229,2019/6/3 15:00
300672.XSHG,1day,2019-06-04 15:00:00,32.78,32.96,30.9,31.48,3275434,2019/6/4 15:00
300672.XSHG,1day,2019-06-05 15:00:00,32.23,32.23,30.91,31.01,1702366,2019/6/5 15:00
300672.XSHG,1day,2019-06-06 15:00:00,31.01,31.47,29.62,29.62,1841766,2019/6/6 15:00
300672.XSHG,1day,2019-06-10 15:00:00,29.91,30.42,29.44,30.05,1481305,2019/6/10 15:00
300672.XSHG,1day,2019-06-11 15:00:00,30.35,30.91,29.3,30.75,1744075,2019/6/11 15:00
300672.XSHG,1day,2019-06-12 15:00:00,30.83,31.67,30.58,31.54,2170471,2019/6/12 15:00
300672.XSHG,1day,2019-06-13 15:00:00,31.54,31.76,30.58,31.09,1657932,2019/6/13 15:00
300672.XSHG,1day,2019-06-14 15:00:00,31.09,31.34,29.61,29.69,1489807,2019/6/14 15:00
300672.XSHG,1day,2019-06-17 15:00:00,30.42,30.67,29.93,30.19,950320,2019/6/17 15:00
300672.XSHG,1day,2019-06-18 15:00:00,30.11,30.89,30.11,30.53,726861,2019/6/18 15:00
300672.XSHG,1day,2019-06-19 15:00:00,31.13,33.58,30.8,32.32,5340021,2019/6/19 15:00
300672.XSHG,1day,2019-06-20 15:00:00,31.85,32.73,31.72,32.66,3726685,2019/6/20 15:00
300672.XSHG,1day,2019-06-21 15:00:00,32.72,34.04,31.85,32.64,4304893,2019/6/21 15:00
300672.XSHG,1day,2019-06-24 15:00:00,33.17,33.61,32.41,32.45,3023123,2019/6/24 15:00
300672.XSHG,1day,2019-06-25 15:00:00,32.09,33.19,31.56,32.84,3411564,2019/6/25 15:00
300672.XSHG,1day,2019-06-26 15:00:00,32.64,33.04,31.87,32.41,2175208,2019/6/26 15:00
300672.XSHG,1day,2019-06-27 15:00:00,33.61,33.61,32.45,32.55,3008958,2019/6/27 15:00
300672.XSHG,1day,2019-06-28 15:00:00,32.46,32.62,30.83,31.16,2529081,2019/6/28 15:00
300672.XSHG,1day,2019-07-01 15:00:00,31.95,32.72,31.46,32.58,3189512,2019/7/1 15:00
300672.XSHG,1day,2019-07-02 15:00:00,32.26,32.98,31.96,32.23,2207356,2019/7/2 15:00
300672.XSHG,1day,2019-07-03 15:00:00,32.32,32.32,30.86,31.04,1968326,2019/7/3 15:00
300672.XSHG,1day,2019-07-04 15:00:00,31.45,31.48,30.76,30.87,1190242,2019/7/4 15:00
300672.XSHG,1day,2019-07-05 15:00:00,31.01,31.53,30.67,31.44,1305580,2019/7/5 15:00
300672.XSHG,1day,2019-07-08 15:00:00,31.43,31.43,29.95,29.97,1845140,2019/7/8 15:00
300672.XSHG,1day,2019-07-09 15:00:00,29.86,30.36,29.66,30.3,936133,2019/7/9 15:00
300672.XSHG,1day,2019-07-10 15:00:00,30.39,31.63,30.23,31.05,1771383,2019/7/10 15:00
300672.XSHG,1day,2019-07-11 15:00:00,31.21,31.33,30.46,30.78,1241782,2019/7/11 15:00
300672.XSHG,1day,2019-07-12 15:00:00,30.85,31.03,30.16,30.17,1092879,2019/7/12 15:00
300672.XSHG,1day,2019-07-15 15:00:00,29.88,30.77,29.65,30.36,1634241,2019/7/15 15:00
300672.XSHG,1day,2019-07-16 15:00:00,30.36,30.8,29.96,30.42,1588927,2019/7/16 15:00
300672.XSHG,1day,2019-07-17 15:00:00,30.42,32,30.42,31.45,3166397,2019/7/17 15:00
300672.XSHG,1day,2019-07-18 15:00:00,30.85,32.02,30.85,31.72,2795248,2019/7/18 15:00
300672.XSHG,1day,2019-07-19 15:00:00,31.91,32.15,31.25,31.83,2088898,2019/7/19 15:00
300672.XSHG,1day,2019-07-22 15:00:00,31.83,31.98,29.37,29.74,2773044,2019/7/22 15:00
300672.XSHG,1day,2019-07-23 15:00:00,29.64,30.31,29.36,29.91,1261671,2019/7/23 15:00
300672.XSHG,1day,2019-07-24 15:00:00,29.83,30.59,29.83,30.35,1747485,2019/7/24 15:00
300672.XSHG,1day,2019-07-25 15:00:00,30.04,31.15,30.04,30.58,2067997,2019/7/25 15:00
300672.XSHG,1day,2019-07-26 15:00:00,31.16,31.35,29.78,30.06,2025094,2019/7/26 15:00
300672.XSHG,1day,2019-07-29 15:00:00,29.89,30.81,29.89,30.36,1429474,2019/7/29 15:00
300672.XSHG,1day,2019-07-30 15:00:00,30.16,30.43,29.88,30.02,1357927,2019/7/30 15:00
300672.XSHG,1day,2019-07-31 15:00:00,30.02,30.46,29.93,30.05,1042645,2019/7/31 15:00
300672.XSHG,1day,2019-08-01 15:00:00,29.85,29.92,29.36,29.56,1341155,2019/8/1 15:00
300672.XSHG,1day,2019-08-02 15:00:00,28.46,29.21,28.46,28.69,1456498,2019/8/2 15:00
300672.XSHG,1day,2019-08-05 15:00:00,28.19,29.23,28.19,28.43,1213555,2019/8/5 15:00
300672.XSHG,1day,2019-08-06 15:00:00,28.07,28.14,26.4,27.97,2098853,2019/8/6 15:00
300672.XSHG,1day,2019-08-07 15:00:00,27.97,28.55,27.69,27.7,850620,2019/8/7 15:00
300672.XSHG,1day,2019-08-08 15:00:00,28.12,28.21,27.37,27.95,1007063,2019/8/8 15:00
300672.XSHG,1day,2019-08-09 15:00:00,28.13,28.36,27.28,27.37,1564909,2019/8/9 15:00
300672.XSHG,1day,2019-08-12 15:00:00,27.37,28.19,26.95,28.16,1011378,2019/8/12 15:00
300672.XSHG,1day,2019-08-13 15:00:00,28.19,28.69,27.67,28.43,1208716,2019/8/13 15:00
300672.XSHG,1day,2019-08-14 15:00:00,28.84,29.15,28.41,28.51,1354108,2019/8/14 15:00
300672.XSHG,1day,2019-08-15 15:00:00,27.82,28.79,27.55,28.63,1425449,2019/8/15 15:00
300672.XSHG,1day,2019-08-16 15:00:00,28.79,29.04,28.32,28.36,1186822,2019/8/16 15:00
300672.XSHG,1day,2019-08-19 15:00:00,28.79,29.62,28.52,29.4,1720146,2019/8/19 15:00
300672.XSHG,1day,2019-08-20 15:00:00,29.41,30.46,29.16,29.6,1634230,2019/8/20 15:00
300672.XSHG,1day,2019-08-21 15:00:00,29.75,30.16,29.06,29.95,1407868,2019/8/21 15:00
300672.XSHG,1day,2019-08-22 15:00:00,29.83,29.95,29.17,29.43,1286185,2019/8/22 15:00
300672.XSHG,1day,2019-08-23 15:00:00,29.64,29.85,29.06,29.31,1170949,2019/8/23 15:00
300672.XSHG,1day,2019-08-26 15:00:00,28.89,31.25,28.89,30.12,2282913,2019/8/26 15:00
300672.XSHG,1day,2019-08-27 15:00:00,30.12,30.43,29.63,29.96,2535505,2019/8/27 15:00
300672.XSHG,1day,2019-08-28 15:00:00,29.91,29.91,29.16,29.36,1444434,2019/8/28 15:00
300672.XSHG,1day,2019-08-29 15:00:00,29.36,29.52,29.04,29.23,1065548,2019/8/29 15:00
300672.XSHG,1day,2019-08-30 15:00:00,29.56,32.16,29.43,32.16,5251678,2019/8/30 15:00
300672.XSHG,1day,2019-09-02 15:00:00,32.16,35.37,31.85,35.37,13594305,2019/9/2 15:00
300672.XSHG,1day,2019-09-03 15:00:00,36.58,38.9,36.49,38.9,13317590,2019/9/3 15:00
300672.XSHG,1day,2019-09-04 15:00:00,40.31,42.8,39.46,41.2,20669031,2019/9/4 15:00
300672.XSHG,1day,2019-09-05 15:00:00,41,43.33,39.91,42.4,18604946,2019/9/5 15:00
300672.XSHG,1day,2019-09-06 15:00:00,41.14,42.74,39.46,39.97,13010846,2019/9/6 15:00
300672.XSHG,1day,2019-09-09 15:00:00,40.23,42.05,39.85,41.68,11539164,2019/9/9 15:00
300672.XSHG,1day,2019-09-10 15:00:00,41.69,44.45,40.31,41.86,12587541,2019/9/10 15:00
300672.XSHG,1day,2019-09-11 15:00:00,42.19,46.05,42.19,46.05,14258253,2019/9/11 15:00
300672.XSHG,1day,2019-09-12 15:00:00,46.81,49.83,43.47,43.76,16920972,2019/9/12 15:00
300672.XSHG,1day,2019-09-16 15:00:00,43.04,44.81,42.8,43.07,10367425,2019/9/16 15:00
300672.XSHG,1day,2019-09-17 15:00:00,43.5,43.51,40.36,40.84,8929308,2019/9/17 15:00
300672.XSHG,1day,2019-09-18 15:00:00,40.94,41.36,40,40.62,5922360,2019/9/18 15:00
300672.XSHG,1day,2019-09-19 15:00:00,40.75,41.59,40.21,41.29,6441121,2019/9/19 15:00
300672.XSHG,1day,2019-09-20 15:00:00,41.12,43.44,40.84,42.43,9045645,2019/9/20 15:00
300672.XSHG,1day,2019-09-23 15:00:00,41.3,42.8,40.01,42.8,7660799,2019/9/23 15:00
300672.XSHG,1day,2019-09-24 15:00:00,42.46,44.79,42.04,43,8725440,2019/9/24 15:00
300672.XSHG,1day,2019-09-25 15:00:00,41.76,42.4,40.51,40.77,6283175,2019/9/25 15:00
300672.XSHG,1day,2019-09-26 15:00:00,40.58,41.05,36.82,37.02,6535667,2019/9/26 15:00
300672.XSHG,1day,2019-09-27 15:00:00,37.19,37.74,37.07,37.4,3006450,2019/9/27 15:00
300672.XSHG,1day,2019-09-30 15:00:00,37.23,38.34,37.15,37.22,2236591,2019/9/30 15:00
300672.XSHG,1day,2019-10-08 15:00:00,37.72,38.72,37,37.32,2477830,2019/10/8 15:00
300672.XSHG,1day,2019-10-09 15:00:00,36.74,38.81,36.7,38.33,3041610,2019/10/9 15:00
300672.XSHG,1day,2019-10-10 15:00:00,38.26,39.09,37.94,38.52,2836539,2019/10/10 15:00
300672.XSHG,1day,2019-10-11 15:00:00,38.82,38.82,36.98,37.44,3668080,2019/10/11 15:00
300672.XSHG,1day,2019-10-14 15:00:00,37.65,38.5,37.65,38.23,2972286,2019/10/14 15:00
300672.XSHG,1day,2019-10-15 15:00:00,38.72,40.98,38.72,39.46,6158574,2019/10/15 15:00
300672.XSHG,1day,2019-10-16 15:00:00,38.61,38.73,37.62,37.71,3972119,2019/10/16 15:00
300672.XSHG,1day,2019-10-17 15:00:00,37.38,38.21,37.23,37.61,2029218,2019/10/17 15:00
300672.XSHG,1day,2019-10-18 15:00:00,37.95,37.95,36.01,36.58,2544155,2019/10/18 15:00
300672.XSHG,1day,2019-10-21 15:00:00,36.89,37.68,35.9,37.13,2260313,2019/10/21 15:00
300672.XSHG,1day,2019-10-22 15:00:00,37.62,37.93,37.03,37.37,2173504,2019/10/22 15:00
300672.XSHG,1day,2019-10-23 15:00:00,37.37,37.8,36.72,36.88,1634145,2019/10/23 15:00
300672.XSHG,1day,2019-10-24 15:00:00,36.63,37.24,36.13,36.34,1579075,2019/10/24 15:00
300672.XSHG,1day,2019-10-25 15:00:00,36.43,37.39,36.18,37.17,1731500,2019/10/25 15:00
300672.XSHG,1day,2019-10-28 15:00:00,37.72,39.02,37.02,38.41,3071044,2019/10/28 15:00
300672.XSHG,1day,2019-10-29 15:00:00,38.62,38.62,36.83,36.95,2954104,2019/10/29 15:00
300672.XSHG,1day,2019-10-30 15:00:00,37.26,40.11,37.22,38.4,5454542,2019/10/30 15:00
300672.XSHG,1day,2019-10-31 15:00:00,38.01,41.03,38.01,40.62,7700584,2019/10/31 15:00
300672.XSHG,1day,2019-11-01 15:00:00,40,41.2,39.49,41.2,5245649,2019/11/1 15:00
300672.XSHG,1day,2019-11-04 15:00:00,41.22,41.45,40.36,40.67,3958852,2019/11/4 15:00
300672.XSHG,1day,2019-11-05 15:00:00,40.38,40.65,39.44,40.41,3882597,2019/11/5 15:00
300672.XSHG,1day,2019-11-06 15:00:00,40.21,40.96,38.67,38.96,4450790,2019/11/6 15:00
300672.XSHG,1day,2019-11-07 15:00:00,38.37,39.48,38.31,38.89,3171726,2019/11/7 15:00
300672.XSHG,1day,2019-11-08 15:00:00,39.28,39.56,38.18,38.19,3371477,2019/11/8 15:00
300672.XSHG,1day,2019-11-11 15:00:00,37.83,38.02,36.93,36.94,2609466,2019/11/11 15:00
300672.XSHG,1day,2019-11-12 15:00:00,37.01,37.09,35.72,36.52,2461665,2019/11/12 15:00
300672.XSHG,1day,2019-11-13 15:00:00,36.61,37.57,36.22,37.47,2794641,2019/11/13 15:00
300672.XSHG,1day,2019-11-14 15:00:00,37.42,39.8,37.42,39.73,5312975,2019/11/14 15:00
300672.XSHG,1day,2019-11-15 15:00:00,39.07,40.75,38.73,39.31,5161660,2019/11/15 15:00
300672.XSHG,1day,2019-11-18 15:00:00,39.33,40.21,38.92,39.92,3630903,2019/11/18 15:00
300672.XSHG,1day,2019-11-19 15:00:00,39.91,40.36,39.34,40.04,3114066,2019/11/19 15:00
300672.XSHG,1day,2019-11-20 15:00:00,39.97,40.24,39.07,39.23,3267784,2019/11/20 15:00
300672.XSHG,1day,2019-11-21 15:00:00,39.38,40.08,39.09,39.29,2769324,2019/11/21 15:00
300672.XSHG,1day,2019-11-22 15:00:00,39.21,41.23,39.21,39.64,5400991,2019/11/22 15:00
300672.XSHG,1day,2019-11-25 15:00:00,39.11,39.63,35.68,35.68,5738287,2019/11/25 15:00
300672.XSHG,1day,2019-11-26 15:00:00,35.28,36.13,34.21,34.76,3324952,2019/11/26 15:00
300672.XSHG,1day,2019-11-27 15:00:00,34.68,36.58,34.51,36.06,3279238,2019/11/27 15:00
300672.XSHG,1day,2019-11-28 15:00:00,35.71,37.18,35.71,36.41,3197348,2019/11/28 15:00
300672.XSHG,1day,2019-11-29 15:00:00,36.6,36.99,35.89,36.42,2400471,2019/11/29 15:00
300672.XSHG,1day,2019-12-02 15:00:00,36.42,38.06,35.96,37.87,3890642,2019/12/2 15:00
300672.XSHG,1day,2019-12-03 15:00:00,37.43,38.42,37.34,38.02,2840862,2019/12/3 15:00
300672.XSHG,1day,2019-12-04 15:00:00,37.92,39.61,37.68,38.83,3600764,2019/12/4 15:00
300672.XSHG,1day,2019-12-05 15:00:00,38.77,39.61,38.52,38.9,4368893,2019/12/5 15:00
300672.XSHG,1day,2019-12-06 15:00:00,38.9,39.53,38.64,39.53,3466118,2019/12/6 15:00
300672.XSHG,1day,2019-12-09 15:00:00,39.54,40.4,39.22,39.76,3233816,2019/12/9 15:00
300672.XSHG,1day,2019-12-10 15:00:00,39.74,41.16,39.31,41.14,5485988,2019/12/10 15:00
300672.XSHG,1day,2019-12-11 15:00:00,41.6,41.6,39.07,39.71,4995666,2019/12/11 15:00
300672.XSHG,1day,2019-12-12 15:00:00,39.71,43.28,39.71,41.81,7880127,2019/12/12 15:00
300672.XSHG,1day,2019-12-13 15:00:00,41.95,42.1,40.11,41.02,4953165,2019/12/13 15:00
300672.XSHG,1day,2019-12-16 15:00:00,41.07,42.13,40.87,42.1,5365928,2019/12/16 15:00
300672.XSHG,1day,2019-12-17 15:00:00,41.75,42.34,41.15,41.75,4418037,2019/12/17 15:00
300672.XSHG,1day,2019-12-18 15:00:00,41.6,42.21,41.26,41.76,3463910,2019/12/18 15:00
300672.XSHG,1day,2019-12-19 15:00:00,41.8,45.94,41.8,45.94,9418818,2019/12/19 15:00
300672.XSHG,1day,2019-12-20 15:00:00,47.77,47.95,43.37,43.74,10698791,2019/12/20 15:00
300672.XSHG,1day,2019-12-23 15:00:00,40.31,40.92,39.37,39.37,8774872,2019/12/23 15:00
300672.XSHG,1day,2019-12-24 15:00:00,38.49,39.63,37.82,39.28,5000994,2019/12/24 15:00
300672.XSHG,1day,2019-12-25 15:00:00,38.91,43.21,38.91,43.21,6441811,2019/12/25 15:00
300672.XSHG,1day,2019-12-26 15:00:00,43.79,43.79,41.81,42.69,6819114,2019/12/26 15:00
300672.XSHG,1day,2019-12-27 15:00:00,43.37,43.55,40.36,40.59,5280121,2019/12/27 15:00
300672.XSHG,1day,2019-12-30 15:00:00,39.91,40.49,39.26,40.27,3540274,2019/12/30 15:00
300672.XSHG,1day,2019-12-31 15:00:00,40.36,41.74,40.36,40.47,3150430,2019/12/31 15:00
300672.XSHG,1day,2020-01-02 15:00:00,40.8,42.65,40.07,41.7,4381451,2020/1/2 15:00
300672.XSHG,1day,2020-01-03 15:00:00,42.1,43.65,41.9,42.5,4657367,2020/1/3 15:00
300672.XSHG,1day,2020-01-06 15:00:00,41.8,43.25,41.5,42.25,4269436,2020/1/6 15:00
300672.XSHG,1day,2020-01-07 15:00:00,42.25,42.99,42.08,42.75,3093352,2020/1/7 15:00
300672.XSHG,1day,2020-01-08 15:00:00,42.7,42.7,40.71,41.33,3919272,2020/1/8 15:00
300672.XSHG,1day,2020-01-09 15:00:00,41.96,45.46,41.8,44.79,9440224,2020/1/9 15:00
300672.XSHG,1day,2020-01-10 15:00:00,44.99,49.27,44.48,47.57,11561081,2020/1/10 15:00
300672.XSHG,1day,2020-01-13 15:00:00,47.99,52.33,46.78,52.33,12953268,2020/1/13 15:00
300672.XSHG,1day,2020-01-14 15:00:00,52.43,55.37,51.46,53.11,11637336,2020/1/14 15:00
300672.XSHG,1day,2020-01-15 15:00:00,52.8,54.18,50.66,53.97,6897582,2020/1/15 15:00
300672.XSHG,1day,2020-01-16 15:00:00,55.24,58.47,53.94,54.54,9312923,2020/1/16 15:00
300672.XSHG,1day,2020-01-17 15:00:00,55.73,57.96,54.86,56.23,7714639,2020/1/17 15:00
300672.XSHG,1day,2020-01-20 15:00:00,56.73,61.59,56.31,60.41,8836773,2020/1/20 15:00
300672.XSHG,1day,2020-01-21 15:00:00,58.72,65.29,57.84,61.99,9268313,2020/1/21 15:00
300672.XSHG,1day,2020-01-22 15:00:00,62.88,65.25,58.72,64.39,8477762,2020/1/22 15:00
300672.XSHG,1day,2020-01-23 15:00:00,62.2,64.05,57.95,58.72,8832346,2020/1/23 15:00
300672.XSHG,1day,2020-02-03 15:00:00,52.85,52.85,52.85,52.85,296397,2020/2/3 15:00
300672.XSHG,1day,2020-02-04 15:00:00,48.77,57.23,48.77,55.5,7825281,2020/2/4 15:00
300672.XSHG,1day,2020-02-05 15:00:00,56.23,57.33,54.15,55.05,7368814,2020/2/5 15:00
300672.XSHG,1day,2020-02-06 15:00:00,54.73,56.73,53.94,55.97,5402786,2020/2/6 15:00
300672.XSHG,1day,2020-02-07 15:00:00,55.99,59.6,54.73,58.72,6585099,2020/2/7 15:00
300672.XSHG,1day,2020-02-10 15:00:00,59.09,59.59,53.76,56.73,6235741,2020/2/10 15:00
300672.XSHG,1day,2020-02-11 15:00:00,56.73,58.57,56.16,56.63,4591660,2020/2/11 15:00
300672.XSHG,1day,2020-02-12 15:00:00,55.73,58.47,55.35,58,5201440,2020/2/12 15:00
300672.XSHG,1day,2020-02-13 15:00:00,58.03,61.71,57.62,59.62,7971566,2020/2/13 15:00
300672.XSHG,1day,2020-02-14 15:00:00,59.02,61.67,58.32,59.64,7037742,2020/2/14 15:00
300672.XSHG,1day,2020-02-17 15:00:00,60,61.39,58.71,61.21,6976253,2020/2/17 15:00
300672.XSHG,1day,2020-02-18 15:00:00,61.01,65.14,60.39,64.94,9228218,2020/2/18 15:00
300672.XSHG,1day,2020-02-19 15:00:00,63.9,69.64,63.2,66.38,10282408,2020/2/19 15:00
300672.XSHG,1day,2020-02-20 15:00:00,66.12,69.01,64.17,66.58,7635177,2020/2/20 15:00
300672.XSHG,1day,2020-02-21 15:00:00,65.64,69.52,65.64,67.49,7274566,2020/2/21 15:00
300672.XSHG,1day,2020-02-24 15:00:00,67.4,69.05,63.63,68.8,8401512,2020/2/24 15:00
300672.XSHG,1day,2020-02-25 15:00:00,65.78,68.8,62.36,65.96,7593980,2020/2/25 15:00
300672.XSHG,1day,2020-02-26 15:00:00,63.7,65.28,59.36,59.36,7588848,2020/2/26 15:00
300672.XSHG,1day,2020-02-27 15:00:00,59.36,60.16,56.89,57.09,6565913,2020/2/27 15:00
300672.XSHG,1day,2020-02-28 15:00:00,53.61,55.24,52.15,52.63,6960680,2020/2/28 15:00
300672.XSHG,1day,2020-03-02 15:00:00,54.46,55.81,53.16,54.84,5091629,2020/3/2 15:00
300672.XSHG,1day,2020-03-03 15:00:00,55.84,57.53,53.89,54.59,5572296,2020/3/3 15:00
300672.XSHG,1day,2020-03-04 15:00:00,53.36,55.86,52.49,54.28,5021693,2020/3/4 15:00
300672.XSHG,1day,2020-03-05 15:00:00,55.32,55.71,53,54.42,3920673,2020/3/5 15:00
300672.XSHG,1day,2020-03-06 15:00:00,53.26,54.62,52.75,53.48,3622053,2020/3/6 15:00
300672.XSHG,1day,2020-03-09 15:00:00,52.75,53.1,49.97,50.06,4058531,2020/3/9 15:00
300672.XSHG,1day,2020-03-10 15:00:00,50.16,52.95,49.74,52.95,5888700,2020/3/10 15:00
300672.XSHG,1day,2020-03-11 15:00:00,53.74,55.44,51.91,52.59,7112997,2020/3/11 15:00
300672.XSHG,1day,2020-03-12 15:00:00,50.87,52.53,50.07,51.43,4014010,2020/3/12 15:00
300672.XSHG,1day,2020-03-13 15:00:00,49.27,53.31,49.18,52.32,4935181,2020/3/13 15:00
300672.XSHG,1day,2020-03-16 15:00:00,53.05,53.22,48,48,5599126,2020/3/16 15:00
300672.XSHG,1day,2020-03-17 15:00:00,49.81,50.2,46.08,48.72,5155433,2020/3/17 15:00
300672.XSHG,1day,2020-03-18 15:00:00,49.51,50.56,48.27,48.28,3992728,2020/3/18 15:00
300672.XSHG,1day,2020-03-19 15:00:00,48.83,49.92,47.77,49.85,4300571,2020/3/19 15:00
300672.XSHG,1day,2020-03-20 15:00:00,50.43,50.76,48.03,48.93,3236135,2020/3/20 15:00
300672.XSHG,1day,2020-03-23 15:00:00,47.37,47.4,44.13,44.68,3918676,2020/3/23 15:00
300672.XSHG,1day,2020-03-24 15:00:00,46.03,46.23,42.46,44.88,3929716,2020/3/24 15:00
300672.XSHG,1day,2020-03-25 15:00:00,46.28,46.78,45.36,46.33,3731381,2020/3/25 15:00
300672.XSHG,1day,2020-03-26 15:00:00,45.98,46.56,45.17,45.52,2227253,2020/3/26 15:00
300672.XSHG,1day,2020-03-27 15:00:00,46.38,46.38,43.79,44.22,2404693,2020/3/27 15:00
300672.XSHG,1day,2020-03-30 15:00:00,42.94,42.94,40.92,41.83,3426736,2020/3/30 15:00
300672.XSHG,1day,2020-03-31 15:00:00,42.81,43.48,41.67,42,2609664,2020/3/31 15:00
300672.XSHG,1day,2020-04-01 15:00:00,42.31,43.51,41.7,41.8,3777399,2020/4/1 15:00
300672.XSHG,1day,2020-04-02 15:00:00,42.33,44.43,41.98,44.4,4679680,2020/4/2 15:00
300672.XSHG,1day,2020-04-03 15:00:00,44.23,44.59,42.7,43.02,3257139,2020/4/3 15:00
300672.XSHG,1day,2020-04-07 15:00:00,44.03,44.87,44.03,44.34,3070360,2020/4/7 15:00
300672.XSHG,1day,2020-04-08 15:00:00,44.32,48.78,43.83,48.78,7127773,2020/4/8 15:00
300672.XSHG,1day,2020-04-09 15:00:00,50.24,51.72,49.03,50.05,8441793,2020/4/9 15:00
300672.XSHG,1day,2020-04-10 15:00:00,48.77,48.77,45.05,45.05,7253068,2020/4/10 15:00
300672.XSHG,1day,2020-04-13 15:00:00,43.34,43.62,42.06,42.36,4320066,2020/4/13 15:00
300672.XSHG,1day,2020-04-14 15:00:00,43.03,44.02,42.58,43.79,2783687,2020/4/14 15:00
300672.XSHG,1day,2020-04-15 15:00:00,43.89,45.09,42.8,43.94,3081096,2020/4/15 15:00
300672.XSHG,1day,2020-04-16 15:00:00,43.79,44.63,43.09,44.34,2971080,2020/4/16 15:00
300672.XSHG,1day,2020-04-17 15:00:00,44.22,46.12,44.22,44.77,3713587,2020/4/17 15:00
300672.XSHG,1day,2020-04-20 15:00:00,44.57,46.06,43.88,45.87,3328370,2020/4/20 15:00
300672.XSHG,1day,2020-04-21 15:00:00,44.79,45.56,43.97,44.83,2690654,2020/4/21 15:00
300672.XSHG,1day,2020-04-22 15:00:00,44.31,45.49,44.1,45.47,2579722,2020/4/22 15:00
300672.XSHG,1day,2020-04-23 15:00:00,45.5,45.5,43.96,44.08,2415652,2020/4/23 15:00
300672.XSHG,1day,2020-04-24 15:00:00,44.04,44.66,42.22,42.4,2177921,2020/4/24 15:00
300672.XSHG,1day,2020-04-27 15:00:00,42.3,45.09,41.47,43.54,2899238,2020/4/27 15:00
300672.XSHG,1day,2020-04-28 15:00:00,42.78,44.76,41.32,43.97,3500695,2020/4/28 15:00
300672.XSHG,1day,2020-04-29 15:00:00,43.29,44.35,42.77,42.87,2096841,2020/4/29 15:00
300672.XSHG,1day,2020-04-30 15:00:00,43.54,45.98,43.16,45.45,4433909,2020/4/30 15:00
300672.XSHG,1day,2020-05-06 15:00:00,45.48,49.9,45.48,48.55,5931509,2020/5/6 15:00
300672.XSHG,1day,2020-05-07 15:00:00,48.17,48.7,46.78,47.22,4182311,2020/5/7 15:00
300672.XSHG,1day,2020-05-08 15:00:00,47.86,48.59,47.08,47.97,3540075,2020/5/8 15:00
300672.XSHG,1day,2020-05-11 15:00:00,48.08,50.16,47.8,50.16,4898298,2020/5/11 15:00
300672.XSHG,1day,2020-05-12 15:00:00,50.19,52.55,49.19,52.12,7209154,2020/5/12 15:00
300672.XSHG,1day,2020-05-13 15:00:00,50.97,51.84,50.46,51,3717918,2020/5/13 15:00
300672.XSHG,1day,2020-05-14 15:00:00,50.51,51.14,50.04,50.26,2875022,2020/5/14 15:00
300672.XSHG,1day,2020-05-15 15:00:00,50.26,52.32,49.77,51.22,4709716,2020/5/15 15:00
300672.XSHG,1day,2020-05-18 15:00:00,51.75,52.04,48.77,48.99,4281382,2020/5/18 15:00
300672.XSHG,1day,2020-05-19 15:00:00,49.5,50.42,49.08,50.28,3230403,2020/5/19 15:00
300672.XSHG,1day,2020-05-20 15:00:00,50.76,51.92,50.16,50.91,4810287,2020/5/20 15:00
300672.XSHG,1day,2020-05-21 15:00:00,50.96,51.85,49.51,49.64,3566698,2020/5/21 15:00
300672.XSHG,1day,2020-05-22 15:00:00,49.74,53.6,49.48,51.9,5830624,2020/5/22 15:00
300672.XSHG,1day,2020-05-25 15:00:00,51.75,54.94,51.52,53.55,6813981,2020/5/25 15:00
300672.XSHG,1day,2020-05-26 15:00:00,53.73,54.64,52.75,53.89,5649968,2020/5/26 15:00
300672.XSHG,1day,2020-05-27 15:00:00,53.72,53.97,51.16,51.74,4735436,2020/5/27 15:00
300672.XSHG,1day,2020-05-28 15:00:00,51.29,51.63,49.07,50.06,3765336,2020/5/28 15:00
300672.XSHG,1day,2020-05-29 15:00:00,49.67,50.43,48.89,49.15,2604239,2020/5/29 15:00
300672.XSHG,1day,2020-06-01 15:00:00,49.76,51.64,49.56,51.57,3353589,2020/6/1 15:00
300672.XSHG,1day,2020-06-02 15:00:00,51.5,52.5,51.06,51.97,3327665,2020/6/2 15:00
300672.XSHG,1day,2020-06-03 15:00:00,51.79,52.95,51.28,51.36,3335508,2020/6/3 15:00
300672.XSHG,1day,2020-06-04 15:00:00,51.5,52.03,50.21,50.58,2269248,2020/6/4 15:00
300672.XSHG,1day,2020-06-05 15:00:00,49.76,51.55,49.76,50.79,1977971,2020/6/5 15:00
300672.XSHG,1day,2020-06-08 15:00:00,50.76,51.36,49.59,49.89,2436843,2020/6/8 15:00
300672.XSHG,1day,2020-06-09 15:00:00,49.59,50.14,49.06,49.6,1785959,2020/6/9 15:00
300672.XSHG,1day,2020-06-10 15:00:00,49.55,50.42,49.55,50.05,1648911,2020/6/10 15:00
300672.XSHG,1day,2020-06-11 15:00:00,49.76,51.26,49.57,49.79,2077543,2020/6/11 15:00
300672.XSHG,1day,2020-06-12 15:00:00,48.66,50.67,48.28,49.93,1919794,2020/6/12 15:00
300672.XSHG,1day,2020-06-15 15:00:00,49.7,49.7,48.25,48.77,2390729,2020/6/15 15:00
300672.XSHG,1day,2020-06-16 15:00:00,49.37,49.98,49.31,49.74,1618166,2020/6/16 15:00
300672.XSHG,1day,2020-06-17 15:00:00,50.16,50.16,48.66,49.08,1462525,2020/6/17 15:00
300672.XSHG,1day,2020-06-18 15:00:00,49.17,49.5,48.77,49.09,1293026,2020/6/18 15:00
300672.XSHG,1day,2020-06-19 15:00:00,48.78,49.42,48.65,48.88,2307639,2020/6/19 15:00
300672.XSHG,1day,2020-06-22 15:00:00,49.34,51.5,49.34,50.71,3319535,2020/6/22 15:00
300672.XSHG,1day,2020-06-23 15:00:00,50.98,50.98,49.62,50.81,2415438,2020/6/23 15:00
300672.XSHG,1day,2020-06-24 15:00:00,50.86,52.6,50.76,51.82,3972623,2020/6/24 15:00
300672.XSHG,1day,2020-06-29 15:00:00,51.65,51.65,49.93,50.24,2490908,2020/6/29 15:00
300672.XSHG,1day,2020-06-30 15:00:00,51.01,51.54,50.37,51.17,2565857,2020/6/30 15:00
300672.XSHG,1day,2020-07-01 15:00:00,50.78,52.24,50.41,51.33,3291196,2020/7/1 15:00
300672.XSHG,1day,2020-07-02 15:00:00,51.1,53.73,50.56,53.72,5751047,2020/7/2 15:00
300672.XSHG,1day,2020-07-03 15:00:00,53.9,57.73,52.63,55.94,6215056,2020/7/3 15:00
300672.XSHG,1day,2020-07-06 15:00:00,55.94,60.72,55.6,59.58,5607107,2020/7/6 15:00
300672.XSHG,1day,2020-07-07 15:00:00,59.63,62.61,58.45,58.65,6529178,2020/7/7 15:00
300672.XSHG,1day,2020-07-08 15:00:00,57.83,59.41,57.03,59.07,4540625,2020/7/8 15:00
300672.XSHG,1day,2020-07-09 15:00:00,59.42,64.86,59.01,63.25,6474821,2020/7/9 15:00
300672.XSHG,1day,2020-07-10 15:00:00,63.16,65.53,61.82,63.64,5615038,2020/7/10 15:00
300672.XSHG,1day,2020-07-13 15:00:00,64.97,67.68,63.42,67.26,5199427,2020/7/13 15:00
300672.XSHG,1day,2020-07-14 15:00:00,67.79,67.79,62.33,64.3,4929047,2020/7/14 15:00
300672.XSHG,1day,2020-07-15 15:00:00,64.03,64.81,59.83,59.83,4823941,2020/7/15 15:00
300672.XSHG,1day,2020-07-16 15:00:00,59.82,61.39,53.95,54.81,4463407,2020/7/16 15:00
300672.XSHG,1day,2020-07-17 15:00:00,54.89,55.84,53.16,54.24,3310872,2020/7/17 15:00
300672.XSHG,1day,2020-07-20 15:00:00,55.23,56.14,53.46,55.83,3071575,2020/7/20 15:00
300672.XSHG,1day,2020-07-21 15:00:00,55.54,56.67,54.69,55.54,2191042,2020/7/21 15:00
300672.XSHG,1day,2020-07-22 15:00:00,55.48,56.84,54.67,55.76,2223528,2020/7/22 15:00
300672.XSHG,1day,2020-07-23 15:00:00,55.05,55.8,53.11,55.32,2534219,2020/7/23 15:00
300672.XSHG,1day,2020-07-24 15:00:00,54.72,56.41,52.75,52.85,3295427,2020/7/24 15:00
300672.XSHG,1day,2020-07-27 15:00:00,52.61,53.8,51.78,52.3,2092854,2020/7/27 15:00
300672.XSHG,1day,2020-07-28 15:00:00,53.15,53.15,51.55,52.23,1841518,2020/7/28 15:00
300672.XSHG,1day,2020-07-29 15:00:00,51.77,55.04,51.77,54.66,2860265,2020/7/29 15:00
300672.XSHG,1day,2020-07-30 15:00:00,54.74,55.34,53.27,53.64,1994164,2020/7/30 15:00
300672.XSHG,1day,2020-07-31 15:00:00,53.84,56.07,53.35,55.95,3531015,2020/7/31 15:00
300672.XSHG,1day,2020-08-03 15:00:00,56.62,57.67,55.06,57.18,3574638,2020/8/3 15:00
300672.XSHG,1day,2020-08-04 15:00:00,57.18,57.33,55.29,56.2,2652769,2020/8/4 15:00
300672.XSHG,1day,2020-08-05 15:00:00,58.45,59.8,56.75,56.79,4090918,2020/8/5 15:00
300672.XSHG,1day,2020-08-06 15:00:00,56.23,58.02,55.34,57.73,3353000,2020/8/6 15:00
300672.XSHG,1day,2020-08-07 15:00:00,57.83,57.83,54.34,55.27,3016716,2020/8/7 15:00
300672.XSHG,1day,2020-08-10 15:00:00,54.38,56.04,54.23,54.92,1897386,2020/8/10 15:00
300672.XSHG,1day,2020-08-11 15:00:00,55.14,55.45,52.92,53.05,2068276,2020/8/11 15:00
300672.XSHG,1day,2020-08-12 15:00:00,52.84,53.94,51.26,52.55,1964184,2020/8/12 15:00
300672.XSHG,1day,2020-08-13 15:00:00,52.75,53.64,52.25,52.75,1178907,2020/8/13 15:00
300672.XSHG,1day,2020-08-14 15:00:00,52.79,53.34,52.17,53.2,1051638,2020/8/14 15:00
300672.XSHG,1day,2020-08-17 15:00:00,53.17,53.96,52.4,53.8,1919651,2020/8/17 15:00
300672.XSHG,1day,2020-08-18 15:00:00,53.83,55.41,53.39,54.39,2191331,2020/8/18 15:00
300672.XSHG,1day,2020-08-19 15:00:00,54.23,54.39,51.85,51.85,2111308,2020/8/19 15:00
300672.XSHG,1day,2020-08-20 15:00:00,51.38,52.35,51.06,51.44,1053746,2020/8/20 15:00
300672.XSHG,1day,2020-08-21 15:00:00,51.86,52.22,50.65,50.95,1372965,2020/8/21 15:00
300672.XSHG,1day,2020-08-24 15:00:00,51,52.23,49.26,51.35,1662003,2020/8/24 15:00
300672.XSHG,1day,2020-08-25 15:00:00,51.23,52.13,51.09,51.97,1117020,2020/8/25 15:00
300672.XSHG,1day,2020-08-26 15:00:00,51.84,52.97,51.09,51.2,1449286,2020/8/26 15:00
300672.XSHG,1day,2020-08-27 15:00:00,51.19,53.33,50.36,52.55,2365239,2020/8/27 15:00
300672.XSHG,1day,2020-08-28 15:00:00,53.19,53.84,51.87,52.96,2410467,2020/8/28 15:00
300672.XSHG,1day,2020-08-31 15:00:00,52.52,53.52,52.24,52.83,1760788,2020/8/31 15:00
300672.XSHG,1day,2020-09-01 15:00:00,52.35,53.69,51.81,53.25,1583573,2020/9/1 15:00
300672.XSHG,1day,2020-09-02 15:00:00,52.85,53.54,52.05,52.84,1744842,2020/9/2 15:00
300672.XSHG,1day,2020-09-03 15:00:00,52.83,56.44,52.25,55.32,3939990,2020/9/3 15:00
300672.XSHG,1day,2020-09-04 15:00:00,54.29,59.5,54.29,57.9,5981390,2020/9/4 15:00
300672.XSHG,1day,2020-09-07 15:00:00,57.83,57.83,55.44,55.74,4400020,2020/9/7 15:00
300672.XSHG,1day,2020-09-08 15:00:00,55.83,56.05,52.06,53.59,3402941,2020/9/8 15:00
300672.XSHG,1day,2020-09-09 15:00:00,52.85,53.07,50.43,50.52,2928064,2020/9/9 15:00
300672.XSHG,1day,2020-09-10 15:00:00,51.05,51.63,49.75,49.89,1883844,2020/9/10 15:00
300672.XSHG,1day,2020-09-11 15:00:00,49.36,50.65,49.36,50.54,1266165,2020/9/11 15:00
300672.XSHG,1day,2020-09-14 15:00:00,51.2,52.51,50.47,52.13,1428021,2020/9/14 15:00
300672.XSHG,1day,2020-09-15 15:00:00,52.2,54.38,51.26,54.29,3135855,2020/9/15 15:00
300672.XSHG,1day,2020-09-16 15:00:00,53.92,56.28,53.36,55.39,4244165,2020/9/16 15:00
300672.XSHG,1day,2020-09-17 15:00:00,55.34,59.16,55.34,57.06,6214259,2020/9/17 15:00
300672.XSHG,1day,2020-09-18 15:00:00,57.03,57.03,52.56,53.86,5675112,2020/9/18 15:00
300672.XSHG,1day,2020-09-21 15:00:00,52.85,54.39,52.85,52.92,2850139,2020/9/21 15:00
300672.XSHG,1day,2020-09-22 15:00:00,52.4,52.87,51.35,51.75,1964182,2020/9/22 15:00
300672.XSHG,1day,2020-09-23 15:00:00,52.06,53.24,51.77,52.77,1704929,2020/9/23 15:00
300672.XSHG,1day,2020-09-24 15:00:00,52.65,53.13,51.8,51.85,1461530,2020/9/24 15:00
300672.XSHG,1day,2020-09-25 15:00:00,51.97,52.65,51.65,52.1,1016737,2020/9/25 15:00
300672.XSHG,1day,2020-09-28 15:00:00,51.88,52.72,51.85,52.05,1025863,2020/9/28 15:00
300672.XSHG,1day,2020-09-29 15:00:00,52.7,53.25,52.06,52.22,1343685,2020/9/29 15:00
300672.XSHG,1day,2020-09-30 15:00:00,52.21,52.42,51.06,51.3,1212105,2020/9/30 15:00
300672.XSHG,1day,2020-10-09 15:00:00,52.15,52.71,52.01,52.25,1542356,2020/10/9 15:00
300672.XSHG,1day,2020-10-12 15:00:00,52.48,54.84,52.36,54.82,2619572,2020/10/12 15:00
300672.XSHG,1day,2020-10-13 15:00:00,54.85,55.15,53.62,54.18,1628410,2020/10/13 15:00
300672.XSHG,1day,2020-10-14 15:00:00,54.18,54.24,52.94,53.13,1294441,2020/10/14 15:00
300672.XSHG,1day,2020-10-15 15:00:00,52.89,54.01,52.85,52.88,1114819,2020/10/15 15:00
300672.XSHG,1day,2020-10-16 15:00:00,52.88,53.29,51.64,51.75,1376176,2020/10/16 15:00
300672.XSHG,1day,2020-10-19 15:00:00,52.26,52.26,51.25,51.29,1095576,2020/10/19 15:00
300672.XSHG,1day,2020-10-20 15:00:00,51.29,51.72,50.58,51.72,1122340,2020/10/20 15:00
300672.XSHG,1day,2020-10-21 15:00:00,51.65,51.65,50.25,50.55,1036398,2020/10/21 15:00
300672.XSHG,1day,2020-10-22 15:00:00,50.35,51.12,49.72,50.48,925273,2020/10/22 15:00
300672.XSHG,1day,2020-10-23 15:00:00,50.36,51,49.82,50.23,867920,2020/10/23 15:00
300672.XSHG,1day,2020-10-26 15:00:00,49.96,50.68,49.39,50.15,614872,2020/10/26 15:00
300672.XSHG,1day,2020-10-27 15:00:00,50.13,50.57,49.87,50.56,670737,2020/10/27 15:00
300672.XSHG,1day,2020-10-28 15:00:00,50.56,50.7,49.76,50.15,740336,2020/10/28 15:00
300672.XSHG,1day,2020-10-29 15:00:00,49.59,50.16,48.84,49.86,932607,2020/10/29 15:00
300672.XSHG,1day,2020-10-30 15:00:00,50.1,51.47,49.68,50.31,1670535,2020/10/30 15:00
300672.XSHG,1day,2020-11-02 15:00:00,50.45,51.83,50.45,51.53,1544466,2020/11/2 15:00
300672.XSHG,1day,2020-11-03 15:00:00,51.15,53.18,51.15,52.43,1738622,2020/11/3 15:00
300672.XSHG,1day,2020-11-04 15:00:00,52.32,52.45,50.71,50.74,1563109,2020/11/4 15:00
300672.XSHG,1day,2020-11-05 15:00:00,51.85,51.85,50.22,51.07,1376181,2020/11/5 15:00
300672.XSHG,1day,2020-11-06 15:00:00,51.06,51.57,50.45,51.15,1258529,2020/11/6 15:00
300672.XSHG,1day,2020-11-09 15:00:00,51.45,55.02,51.45,54.5,4708709,2020/11/9 15:00
300672.XSHG,1day,2020-11-10 15:00:00,53.9,54.21,52.68,52.95,2746338,2020/11/10 15:00
300672.XSHG,1day,2020-11-11 15:00:00,52.94,53.27,51.15,51.47,1726286,2020/11/11 15:00
300672.XSHG,1day,2020-11-12 15:00:00,51.86,52.23,50.9,51.15,983038,2020/11/12 15:00
300672.XSHG,1day,2020-11-13 15:00:00,50.85,51.9,50.25,51.19,966092,2020/11/13 15:00
300672.XSHG,1day,2020-11-16 15:00:00,51.42,51.5,50.13,50.43,1288726,2020/11/16 15:00
300672.XSHG,1day,2020-11-17 15:00:00,50.43,52.73,49.47,52.72,2157833,2020/11/17 15:00
300672.XSHG,1day,2020-11-18 15:00:00,51.95,52.85,51.41,51.62,1647658,2020/11/18 15:00
300672.XSHG,1day,2020-11-19 15:00:00,51.35,53.43,50.67,52.79,2385904,2020/11/19 15:00
300672.XSHG,1day,2020-11-20 15:00:00,52.54,53.15,52.03,52.77,1502544,2020/11/20 15:00
300672.XSHG,1day,2020-11-23 15:00:00,52.85,52.95,51.35,51.99,1428024,2020/11/23 15:00
300672.XSHG,1day,2020-11-24 15:00:00,51.99,53.43,51.64,52.34,1895878,2020/11/24 15:00
300672.XSHG,1day,2020-11-25 15:00:00,52.34,52.73,51.21,51.34,1524311,2020/11/25 15:00
300672.XSHG,1day,2020-11-26 15:00:00,51.35,51.73,50.46,50.5,1148619,2020/11/26 15:00
300672.XSHG,1day,2020-11-27 15:00:00,50.16,51.82,50.16,50.9,1037198,2020/11/27 15:00
300672.XSHG,1day,2020-11-30 15:00:00,50.82,52.21,50.45,51.53,1441360,2020/11/30 15:00
300672.XSHG,1day,2020-12-01 15:00:00,51.35,52.23,51.34,51.7,921364,2020/12/1 15:00
300672.XSHG,1day,2020-12-02 15:00:00,52.11,52.11,51.45,51.6,1160048,2020/12/2 15:00
300672.XSHG,1day,2020-12-03 15:00:00,51.66,52.04,50.95,51.36,1100684,2020/12/3 15:00
300672.XSHG,1day,2020-12-04 15:00:00,51.36,51.8,51.07,51.32,734222,2020/12/4 15:00
300672.XSHG,1day,2020-12-07 15:00:00,51.79,52.3,51.33,51.33,1219326,2020/12/7 15:00
300672.XSHG,1day,2020-12-08 15:00:00,51.18,51.69,50.86,50.96,1022951,2020/12/8 15:00
300672.XSHG,1day,2020-12-09 15:00:00,50.85,51.3,50.35,50.39,1071196,2020/12/9 15:00
300672.XSHG,1day,2020-12-10 15:00:00,50.47,51.13,50.36,50.47,969808,2020/12/10 15:00
300672.XSHG,1day,2020-12-11 15:00:00,50.35,50.46,45.5,46.25,3741516,2020/12/11 15:00
300672.XSHG,1day,2020-12-14 15:00:00,46.3,46.65,45.91,46.17,1091661,2020/12/14 15:00
300672.XSHG,1day,2020-12-15 15:00:00,46.33,47.28,46.05,46.33,1167275,2020/12/15 15:00
300672.XSHG,1day,2020-12-16 15:00:00,46.45,46.64,45.37,45.6,952242,2020/12/16 15:00
300672.XSHG,1day,2020-12-17 15:00:00,45.37,45.37,43.25,44.97,1747451,2020/12/17 15:00
300672.XSHG,1day,2020-12-18 15:00:00,46,46.57,44.02,44.27,1330844,2020/12/18 15:00
300672.XSHG,1day,2020-12-21 15:00:00,43.97,45.5,43.65,44.91,1102894,2020/12/21 15:00
300672.XSHG,1day,2020-12-22 15:00:00,45.22,45.31,43.16,43.16,1190838,2020/12/22 15:00
300672.XSHG,1day,2020-12-23 15:00:00,43.01,43.9,42.58,43.9,1316504,2020/12/23 15:00
300672.XSHG,1day,2020-12-24 15:00:00,44.38,44.85,42.68,42.79,1240680,2020/12/24 15:00
300672.XSHG,1day,2020-12-25 15:00:00,42.79,43.16,41.09,41.42,1304059,2020/12/25 15:00
300672.XSHG,1day,2020-12-28 15:00:00,41.28,41.66,40.39,41.31,1054847,2020/12/28 15:00
300672.XSHG,1day,2020-12-29 15:00:00,41.32,43.25,41.32,42.59,1162550,2020/12/29 15:00
300672.XSHG,1day,2020-12-30 15:00:00,42.65,43.63,41.38,42.83,1139295,2020/12/30 15:00
300672.XSHG,1day,2020-12-31 15:00:00,42.61,43.73,42.48,43.66,1205891,2020/12/31 15:00
300672.XSHG,1day,2021-01-04 15:00:00,43.43,44.31,43.43,44.07,1089954,2021/1/4 15:00
300672.XSHG,1day,2021-01-05 15:00:00,44.09,45.54,43.88,45.12,2009415,2021/1/5 15:00
300672.XSHG,1day,2021-01-06 15:00:00,45.02,45.31,43.48,43.87,1394828,2021/1/6 15:00
300672.XSHG,1day,2021-01-07 15:00:00,44.31,44.31,42.09,43.24,1353513,2021/1/7 15:00
300672.XSHG,1day,2021-01-08 15:00:00,43.1,44.85,42.71,43.79,1257135,2021/1/8 15:00
300672.XSHG,1day,2021-01-11 15:00:00,43.5,44.87,43,43.01,1401249,2021/1/11 15:00
300672.XSHG,1day,2021-01-12 15:00:00,43.01,43.2,41.86,42.57,1016032,2021/1/12 15:00
300672.XSHG,1day,2021-01-13 15:00:00,42.62,43.66,41.98,43.24,1229552,2021/1/13 15:00
300672.XSHG,1day,2021-01-14 15:00:00,43.68,45.54,43.26,44.78,2725983,2021/1/14 15:00
300672.XSHG,1day,2021-01-15 15:00:00,44.89,46.27,44.41,45.15,1870817,2021/1/15 15:00
300672.XSHG,1day,2021-01-18 15:00:00,44.87,46.24,44.38,46.02,2069785,2021/1/18 15:00
300672.XSHG,1day,2021-01-19 15:00:00,45.69,46.66,45.12,45.17,1653379,2021/1/19 15:00
300672.XSHG,1day,2021-01-20 15:00:00,45.15,45.94,44.42,45.36,1053043,2021/1/20 15:00
300672.XSHG,1day,2021-01-21 15:00:00,45.37,45.96,44.57,44.87,1128962,2021/1/21 15:00
300672.XSHG,1day,2021-01-22 15:00:00,44.87,45.36,43.41,43.59,1264158,2021/1/22 15:00
300672.XSHG,1day,2021-01-25 15:00:00,43.6,43.6,41.48,41.67,1629204,2021/1/25 15:00
300672.XSHG,1day,2021-01-26 15:00:00,42.03,42.68,40.98,41.36,980041,2021/1/26 15:00
300672.XSHG,1day,2021-01-27 15:00:00,40.88,41.66,40.88,41.19,670738,2021/1/27 15:00
300672.XSHG,1day,2021-01-28 15:00:00,40.36,41.45,39.37,39.45,1167875,2021/1/28 15:00
300672.XSHG,1day,2021-01-29 15:00:00,39.43,39.71,37.89,38.37,1244396,2021/1/29 15:00
300672.XSHG,1day,2021-02-01 15:00:00,37.99,38.89,37.44,37.78,872619,2021/2/1 15:00
300672.XSHG,1day,2021-02-02 15:00:00,39.41,44.17,39.41,43.27,3398319,2021/2/2 15:00
300672.XSHG,1day,2021-02-03 15:00:00,40.68,42.18,40.06,40.61,2218311,2021/2/3 15:00
300672.XSHG,1day,2021-02-04 15:00:00,40.64,41.88,39.88,41.54,1710146,2021/2/4 15:00
300672.XSHG,1day,2021-02-05 15:00:00,40.96,41.29,39.98,40.07,1025672,2021/2/5 15:00
300672.XSHG,1day,2021-02-08 15:00:00,40.97,44.15,39.93,42.64,2076697,2021/2/8 15:00
300672.XSHG,1day,2021-02-09 15:00:00,42.75,43.16,41.62,42.83,1628208,2021/2/9 15:00
300672.XSHG,1day,2021-02-10 15:00:00,42.5,43.08,42.09,42.78,964587,2021/2/10 15:00
300672.XSHG,1day,2021-02-18 15:00:00,42.79,44.67,42.79,43.75,1400352,2021/2/18 15:00
300672.XSHG,1day,2021-02-19 15:00:00,43.84,43.86,42.92,43.85,1003803,2021/2/19 15:00
300672.XSHG,1day,2021-02-22 15:00:00,43.85,44.65,43.55,44.09,1241797,2021/2/22 15:00
300672.XSHG,1day,2021-02-23 15:00:00,43.39,44.41,42.39,42.64,914429,2021/2/23 15:00
300672.XSHG,1day,2021-02-24 15:00:00,42.64,44.49,42.55,43.17,1031984,2021/2/24 15:00
300672.XSHG,1day,2021-02-25 15:00:00,43.43,44.09,42.88,43.03,830800,2021/2/25 15:00
300672.XSHG,1day,2021-02-26 15:00:00,41.89,42.94,41.89,42,763812,2021/2/26 15:00
300672.XSHG,1day,2021-03-01 15:00:00,42.98,48.63,42.67,47.1,3006090,2021/3/1 15:00
300672.XSHG,1day,2021-03-02 15:00:00,47.05,47.05,44.88,46.37,1918644,2021/3/2 15:00
300672.XSHG,1day,2021-03-03 15:00:00,45.33,47.46,45.33,46.91,1229648,2021/3/3 15:00
300672.XSHG,1day,2021-03-04 15:00:00,46.32,48.48,45.87,46.33,1735720,2021/3/4 15:00
300672.XSHG,1day,2021-03-05 15:00:00,45.66,47.66,45.66,46.82,1261651,2021/3/5 15:00
300672.XSHG,1day,2021-03-08 15:00:00,47.21,47.71,45.17,45.45,1389920,2021/3/8 15:00
300672.XSHG,1day,2021-03-09 15:00:00,45.52,45.95,42.84,42.87,1271276,2021/3/9 15:00
300672.XSHG,1day,2021-03-10 15:00:00,43.85,43.85,41.88,42.13,794092,2021/3/10 15:00
300672.XSHG,1day,2021-03-11 15:00:00,41.96,44.37,41.49,43.17,908413,2021/3/11 15:00
300672.XSHG,1day,2021-03-12 15:00:00,43.17,43.69,42.08,42.26,714462,2021/3/12 15:00
300672.XSHG,1day,2021-03-15 15:00:00,41.88,41.9,41.09,41.33,634434,2021/3/15 15:00
300672.XSHG,1day,2021-03-16 15:00:00,41.56,41.84,41.18,41.56,425526,2021/3/16 15:00
300672.XSHG,1day,2021-03-17 15:00:00,41.49,43.17,41.31,42.81,862182,2021/3/17 15:00
300672.XSHG,1day,2021-03-18 15:00:00,43.03,43.3,42.39,42.86,627305,2021/3/18 15:00
300672.XSHG,1day,2021-03-19 15:00:00,42.53,46.47,42.08,45.18,3875604,2021/3/19 15:00
300672.XSHG,1day,2021-03-22 15:00:00,45.19,46.02,44.54,44.66,1854163,2021/3/22 15:00
300672.XSHG,1day,2021-03-23 15:00:00,44.93,46.6,44.67,44.71,1367954,2021/3/23 15:00
300672.XSHG,1day,2021-03-24 15:00:00,44.27,44.65,43.29,43.64,947238,2021/3/24 15:00
300672.XSHG,1day,2021-03-25 15:00:00,43.32,44.67,43.32,44.07,635332,2021/3/25 15:00
300672.XSHG,1day,2021-03-26 15:00:00,43.77,44.54,43.69,44.4,559813,2021/3/26 15:00
300672.XSHG,1day,2021-03-29 15:00:00,44.42,44.83,43.99,44.25,591510,2021/3/29 15:00
300672.XSHG,1day,2021-03-30 15:00:00,43.98,44.33,43.29,43.37,712762,2021/3/30 15:00
300672.XSHG,1day,2021-03-31 15:00:00,43.37,43.82,42.69,42.83,517396,2021/3/31 15:00
300672.XSHG,1day,2021-04-01 15:00:00,43.57,44,42.78,43.81,666733,2021/4/1 15:00
300672.XSHG,1day,2021-04-02 15:00:00,43.85,45.37,43.67,45.22,1480984,2021/4/2 15:00
300672.XSHG,1day,2021-04-06 15:00:00,45.23,45.67,44.25,44.72,922966,2021/4/6 15:00
300672.XSHG,1day,2021-04-07 15:00:00,44.72,44.84,44.15,44.23,571447,2021/4/7 15:00
300672.XSHG,1day,2021-04-08 15:00:00,44.25,44.75,43.68,43.73,662408,2021/4/8 15:00
300672.XSHG,1day,2021-04-09 15:00:00,43.67,44.23,43.19,43.56,491120,2021/4/9 15:00
300672.XSHG,1day,2021-04-12 15:00:00,43.61,43.63,41.5,41.99,1153632,2021/4/12 15:00
300672.XSHG,1day,2021-04-13 15:00:00,42.37,42.88,41.99,42.39,527826,2021/4/13 15:00
300672.XSHG,1day,2021-04-14 15:00:00,42.39,43.41,42.18,43,509169,2021/4/14 15:00
300672.XSHG,1day,2021-04-15 15:00:00,42.98,43.32,42.4,43.12,375784,2021/4/15 15:00
300672.XSHG,1day,2021-04-16 15:00:00,43.65,43.77,42.76,43.73,441972,2021/4/16 15:00
300672.XSHG,1day,2021-04-19 15:00:00,44.38,44.87,43.42,44.67,1066371,2021/4/19 15:00
300672.XSHG,1day,2021-04-20 15:00:00,44.59,46.89,44.37,45.48,1617278,2021/4/20 15:00
300672.XSHG,1day,2021-04-21 15:00:00,45.07,46.79,44.58,46.13,1626901,2021/4/21 15:00
300672.XSHG,1day,2021-04-22 15:00:00,46.86,49.78,45.97,48.46,3515862,2021/4/22 15:00
300672.XSHG,1day,2021-04-23 15:00:00,48.04,49.56,47.95,49.09,1952850,2021/4/23 15:00
300672.XSHG,1day,2021-04-26 15:00:00,49.91,53.84,49.54,52.35,4410249,2021/4/26 15:00
300672.XSHG,1day,2021-04-27 15:00:00,52.43,54.14,52.15,53.73,3107288,2021/4/27 15:00
300672.XSHG,1day,2021-04-28 15:00:00,53.84,54.85,52.45,53.63,3087619,2021/4/28 15:00
300672.XSHG,1day,2021-04-29 15:00:00,54.34,57.03,54.24,56.88,4471725,2021/4/29 15:00
300672.XSHG,1day,2021-04-30 15:00:00,57.13,65.81,57.13,64.3,7293690,2021/4/30 15:00
300672.XSHG,1day,2021-05-06 15:00:00,66.81,76.64,66.23,72.39,8736448,2021/5/6 15:00
300672.XSHG,1day,2021-05-07 15:00:00,72.42,74.68,66.81,70.94,7154578,2021/5/7 15:00
300672.XSHG,1day,2021-05-10 15:00:00,70.85,85.13,70.85,85.13,7831137,2021/5/10 15:00
300672.XSHG,1day,2021-05-11 15:00:00,91.73,102.16,86.64,101.18,11971509,2021/5/11 15:00
300672.XSHG,1day,2021-05-12 15:00:00,95.14,104.7,89.81,102.67,11275194,2021/5/12 15:00
300672.XSHG,1day,2021-05-13 15:00:00,92.83,98.14,85.95,87.25,12121443,2021/5/13 15:00
300672.XSHG,1day,2021-05-14 15:00:00,87.25,90.16,83.06,88.62,8943047,2021/5/14 15:00
300672.XSHG,1day,2021-05-17 15:00:00,83.59,87.52,81.75,82.81,7692842,2021/5/17 15:00
300672.XSHG,1day,2021-05-18 15:00:00,83.77,89.61,81.81,86.72,8361366,2021/5/18 15:00
300672.XSHG,1day,2021-05-19 15:00:00,88.58,88.58,80.65,81.14,6125006,2021/5/19 15:00
300672.XSHG,1day,2021-05-20 15:00:00,79.78,82.34,77.28,80.82,6263810,2021/5/20 15:00
300672.XSHG,1day,2021-05-21 15:00:00,80.74,83.13,78.87,81.14,3807400,2021/5/21 15:00
300672.XSHG,1day,2021-05-24 15:00:00,80.58,84.6,79.27,83.17,4369130,2021/5/24 15:00
300672.XSHG,1day,2021-05-25 15:00:00,83.76,83.76,79.97,82.03,3786645,2021/5/25 15:00
300672.XSHG,1day,2021-05-26 15:00:00,82.26,86.24,79.97,80.5,5887321,2021/5/26 15:00
300672.XSHG,1day,2021-05-27 15:00:00,78.82,90.74,78.82,84.65,9394760,2021/5/27 15:00
300672.XSHG,1day,2021-05-28 15:00:00,82.76,84.22,80.84,82.11,5094420,2021/5/28 15:00
300672.XSHG,1day,2021-05-31 15:00:00,83.11,84.99,77.46,79.4,7425465,2021/5/31 15:00
300672.XSHG,1day,2021-06-01 15:00:00,77.78,79.77,76.29,78.37,4319586,2021/6/1 15:00
300672.XSHG,1day,2021-06-02 15:00:00,77.97,77.97,73.91,74.6,5067941,2021/6/2 15:00
300672.XSHG,1day,2021-06-03 15:00:00,74.07,76.28,73.12,75.03,3862059,2021/6/3 15:00
300672.XSHG,1day,2021-06-04 15:00:00,74.04,77.07,73.99,75.23,3825959,2021/6/4 15:00
300672.XSHG,1day,2021-06-07 15:00:00,76.08,79.65,76.08,78.47,5169044,2021/6/7 15:00
300672.XSHG,1day,2021-06-08 15:00:00,78.55,78.97,75.3,75.47,3584564,2021/6/8 15:00
300672.XSHG,1day,2021-06-09 15:00:00,75.21,77.68,74.48,76.73,3095044,2021/6/9 15:00
300672.XSHG,1day,2021-06-10 15:00:00,76.74,78.72,75.81,77.28,4437833,2021/6/10 15:00
300672.XSHG,1day,2021-06-11 15:00:00,74.28,74.28,68.48,69.92,8501980,2021/6/11 15:00
300672.XSHG,1day,2021-06-15 15:00:00,70.89,76.33,70.74,74.31,6379550,2021/6/15 15:00
300672.XSHG,1day,2021-06-16 15:00:00,74.79,78.83,72.79,73.32,5643317,2021/6/16 15:00
300672.XSHG,1day,2021-06-17 15:00:00,71.8,78.22,71.8,77.43,6156492,2021/6/17 15:00
300672.XSHG,1day,2021-06-18 15:00:00,78.98,81.37,75.98,79.67,6746896,2021/6/18 15:00
300672.XSHG,1day,2021-06-21 15:00:00,79.36,79.36,73.16,74.31,8090082,2021/6/21 15:00
300672.XSHG,1day,2021-06-22 15:00:00,73.87,74.68,70.64,71,5287273,2021/6/22 15:00
300672.XSHG,1day,2021-06-23 15:00:00,70.81,85.2,70.81,85.2,8907248,2021/6/23 15:00
300672.XSHG,1day,2021-06-24 15:00:00,88.84,90.24,84.77,87.13,12012114,2021/6/24 15:00
300672.XSHG,1day,2021-06-25 15:00:00,85.01,104.56,84.95,100.61,14705209,2021/6/25 15:00
300672.XSHG,1day,2021-06-28 15:00:00,96.42,104.6,94.73,101.14,10546584,2021/6/28 15:00
300672.XSHG,1day,2021-06-29 15:00:00,105.21,121.37,105.21,109.68,14734890,2021/6/29 15:00
300672.XSHG,1day,2021-06-30 15:00:00,113.07,124.14,110.69,113.2,10886873,2021/6/30 15:00
300672.XSHG,1day,2021-07-01 15:00:00,115.66,122.16,110.69,120.05,10248621,2021/7/1 15:00
300672.XSHG,1day,2021-07-02 15:00:00,119.65,120.95,107.79,117.7,9352029,2021/7/2 15:00
300672.XSHG,1day,2021-07-05 15:00:00,118.67,128.63,112.75,128.63,10497946,2021/7/5 15:00
300672.XSHG,1day,2021-07-06 15:00:00,125.64,132.36,117.76,122.64,7844277,2021/7/6 15:00
300672.XSHG,1day,2021-07-07 15:00:00,121.65,129.13,115.67,123.94,7627749,2021/7/7 15:00
300672.XSHG,1day,2021-07-08 15:00:00,121.23,125.29,116.02,118.06,8168210,2021/7/8 15:00
300672.XSHG,1day,2021-07-09 15:00:00,118.13,120.65,107.83,118.76,8457647,2021/7/9 15:00
300672.XSHG,1day,2021-07-12 15:00:00,119.65,121.84,114.11,117.96,6405812,2021/7/12 15:00
300672.XSHG,1day,2021-07-13 15:00:00,117.7,117.7,108.27,110.08,7383539,2021/7/13 15:00
300672.XSHG,1day,2021-07-14 15:00:00,110.34,115.65,110.08,113.24,4928740,2021/7/14 15:00
300672.XSHG,1day,2021-07-15 15:00:00,111.67,123.64,110.71,120.13,7227287,2021/7/15 15:00
300672.XSHG,1day,2021-07-16 15:00:00,119.74,144.16,119.17,144.16,11767066,2021/7/16 15:00
300672.XSHG,1day,2021-07-19 15:00:00,142.85,142.85,131.79,134.97,9509134,2021/7/19 15:00
300672.XSHG,1day,2021-07-20 15:00:00,134.98,148.95,132.11,146.36,10071063,2021/7/20 15:00
300672.XSHG,1day,2021-07-21 15:00:00,144.86,172.12,140.35,162.1,9663071,2021/7/21 15:00
300672.XSHG,1day,2021-07-22 15:00:00,159.96,174.08,157.17,160.94,9046821,2021/7/22 15:00
300672.XSHG,1day,2021-07-23 15:00:00,161.95,169.05,156.98,161.84,6397505,2021/7/23 15:00
300672.XSHG,1day,2021-07-26 15:00:00,159.96,166.98,153.96,157.42,6404902,2021/7/26 15:00
300672.XSHG,1day,2021-07-27 15:00:00,160.39,182.76,155.97,159.03,9826210,2021/7/27 15:00
300672.XSHG,1day,2021-07-28 15:00:00,157.97,160.96,129.77,148.94,7920457,2021/7/28 15:00
300672.XSHG,1day,2021-07-29 15:00:00,156.76,169.26,155.96,166.36,8280240,2021/7/29 15:00
300672.XSHG,1day,2021-07-30 15:00:00,166.37,166.37,155.24,158.96,6978739,2021/7/30 15:00
300672.XSHG,1day,2021-08-02 15:00:00,157.79,161.95,147.1,153.76,5722039,2021/8/2 15:00
300672.XSHG,1day,2021-08-03 15:00:00,153.96,153.96,144.53,148.85,4443151,2021/8/3 15:00
300672.XSHG,1day,2021-08-04 15:00:00,151.46,157.19,149.24,154.11,4508253,2021/8/4 15:00
300672.XSHG,1day,2021-08-05 15:00:00,152.45,174.96,148.43,169.47,6880410,2021/8/5 15:00
300672.XSHG,1day,2021-08-06 15:00:00,169.46,177.05,163.9,169.95,5057999,2021/8/6 15:00
300672.XSHG,1day,2021-08-09 15:00:00,161.96,163.16,147.97,152.88,6994842,2021/8/9 15:00
300672.XSHG,1day,2021-08-10 15:00:00,149.96,152.4,142.35,145.97,4851039,2021/8/10 15:00
300672.XSHG,1day,2021-08-11 15:00:00,144.52,156.04,143.35,150.23,4422344,2021/8/11 15:00
300672.XSHG,1day,2021-08-12 15:00:00,149.96,157.89,149.96,151.21,3930928,2021/8/12 15:00
300672.XSHG,1day,2021-08-13 15:00:00,148.47,152.67,145.47,148.28,3340479,2021/8/13 15:00
300672.XSHG,1day,2021-08-16 15:00:00,144.97,161.16,144.42,152.45,4632083,2021/8/16 15:00
300672.XSHG,1day,2021-08-17 15:00:00,151.52,154.76,140.47,141.44,3853104,2021/8/17 15:00
300672.XSHG,1day,2021-08-18 15:00:00,141.41,147.07,141.41,144.03,2416966,2021/8/18 15:00
300672.XSHG,1day,2021-08-19 15:00:00,144.64,144.96,137.36,141.67,3600837,2021/8/19 15:00
300672.XSHG,1day,2021-08-20 15:00:00,141.47,145.84,136.27,138.66,3526329,2021/8/20 15:00
300672.XSHG,1day,2021-08-23 15:00:00,135.97,141.32,134.85,136.57,4562572,2021/8/23 15:00
300672.XSHG,1day,2021-08-24 15:00:00,136.57,157.73,132.43,150.97,7327923,2021/8/24 15:00
300672.XSHG,1day,2021-08-25 15:00:00,150.91,154.56,147.76,151.93,4497663,2021/8/25 15:00
300672.XSHG,1day,2021-08-26 15:00:00,150.63,168.66,150.63,156.94,6050517,2021/8/26 15:00
300672.XSHG,1day,2021-08-27 15:00:00,156.17,156.17,147.32,152.45,4524861,2021/8/27 15:00
300672.XSHG,1day,2021-08-30 15:00:00,143.97,145.77,137.48,137.67,6200256,2021/8/30 15:00
300672.XSHG,1day,2021-08-31 15:00:00,136.96,141.46,134.2,135.77,3560236,2021/8/31 15:00
300672.XSHG,1day,2021-09-01 15:00:00,135.64,140.96,129.32,138.47,4422940,2021/9/1 15:00
300672.XSHG,1day,2021-09-02 15:00:00,138.48,138.48,130.14,130.57,3480322,2021/9/2 15:00
300672.XSHG,1day,2021-09-03 15:00:00,131.97,133.95,124.96,125.23,3432714,2021/9/3 15:00
300672.XSHG,1day,2021-09-06 15:00:00,125.23,129.47,122.14,128.66,3161543,2021/9/6 15:00
300672.XSHG,1day,2021-09-07 15:00:00,127.83,134.91,127.75,128.84,2721840,2021/9/7 15:00
300672.XSHG,1day,2021-09-08 15:00:00,129.66,132.54,125.97,129.87,2921787,2021/9/8 15:00
300672.XSHG,1day,2021-09-09 15:00:00,127.97,129.47,122.97,125.05,3752379,2021/9/9 15:00
300672.XSHG,1day,2021-09-10 15:00:00,126.47,135.77,125.18,130.33,4598884,2021/9/10 15:00
300672.XSHG,1day,2021-09-13 15:00:00,127.97,131.66,125.57,127.57,2527684,2021/9/13 15:00
300672.XSHG,1day,2021-09-14 15:00:00,127.21,133.76,127.02,127.93,3081928,2021/9/14 15:00
300672.XSHG,1day,2021-09-15 15:00:00,126.77,129.75,123.48,128.21,2427367,2021/9/15 15:00
300672.XSHG,1day,2021-09-16 15:00:00,126.92,127.97,119.02,119.02,3618346,2021/9/16 15:00
300672.XSHG,1day,2021-09-17 15:00:00,120.4,124.67,118.2,118.2,3059720,2021/9/17 15:00
300672.XSHG,1day,2021-09-22 15:00:00,118.73,122.4,116.45,118.23,2137097,2021/9/22 15:00
300672.XSHG,1day,2021-09-23 15:00:00,117.96,123.1,117.17,120.97,2963996,2021/9/23 15:00
300672.XSHG,1day,2021-09-24 15:00:00,123.97,138.17,123.97,128.31,6377899,2021/9/24 15:00
300672.XSHG,1day,2021-09-27 15:00:00,126.97,135.85,123.48,124.34,4510465,2021/9/27 15:00
300672.XSHG,1day,2021-09-28 15:00:00,122.47,128.93,119.37,122.77,3485909,2021/9/28 15:00
300672.XSHG,1day,2021-09-29 15:00:00,120.81,121.45,110.98,112.27,4229392,2021/9/29 15:00
300672.XSHG,1day,2021-09-30 15:00:00,114.96,121.85,112.96,121.37,4529358,2021/9/30 15:00
